COHORT_MONTH,PURCHASE_MONTH,MONTHLY_SPEND,COHORT_SPEND_MONTH0,RETENTION_RATE
2024-01-01,2024-08-01,248.828,171064.688,0.001454584245
2024-01-01,2024-01-01,920.994,171064.688,0.005383893139
2024-07-01,2024-07-01,1467.222,75991.062,0.01930782333
2024-05-01,2024-09-01,464.952,79862.687,0.00582189277
2024-06-01,2024-10-01,1410.784,93064.954,0.01515913284
2024-01-01,2024-07-01,3996.456,171064.688,0.02336224996
2024-02-01,2024-09-01,389.442,121900.965,0.003194740911
2024-04-01,2024-04-01,1546.461,91161.444,0.01696398096
2024-03-01,2024-03-01,241.3,109921.769,0.002195197568
2024-07-01,2024-07-01,5356.414,75991.062,0.07048742127
2024-01-01,2024-08-01,292.874,171064.688,0.001712065789
2024-09-01,2024-09-01,4286.42,60316.656,0.07106527922
2024-01-01,2024-04-01,814.686,171064.688,0.004762444018
2024-08-01,2024-08-01,1441.71,70762.931,0.02037380278
2024-09-01,2024-09-01,2970.106,60316.656,0.04924188768
2024-08-01,2024-08-01,823.85,70762.931,0.01164239508
2024-08-01,2024-08-01,970.732,70762.931,0.01371808638
2024-03-01,2024-03-01,2656.518,109921.769,0.02416735124
2024-01-01,2024-07-01,2541.752,171064.688,0.01485842595
2024-12-01,2024-12-01,14919.099,80012.979,0.1864584869
2024-01-01,2024-09-01,1761.138,171064.688,0.01029515805
2024-05-01,2024-06-01,1079.883,79862.687,0.01352174639
2024-02-01,2024-02-01,3067.651,121900.965,0.02516510841
2024-04-01,2024-09-01,1064.582,91161.444,0.01167798527
2024-06-01,2024-06-01,3631.861,93064.954,0.03902501257
2024-08-01,2024-10-01,884.575,70762.931,0.01250054213
2024-11-01,2024-11-01,4085.634,67846.533,0.06021875871
2024-06-01,2024-12-01,526.521,93064.954,0.005657564715
2024-01-01,2024-01-01,1577.115,171064.688,0.009219407105
2024-08-01,2024-08-01,1226.398,70762.931,0.01733107974
2024-01-01,2024-12-01,1118.854,171064.688,0.006540531615
2024-12-01,2024-12-01,649.626,80012.979,0.008119007792
2024-07-01,2024-11-01,373.796,75991.062,0.004918946915
2024-08-01,2024-11-01,1607.025,70762.931,0.02270998356
2024-07-01,2024-07-01,212.951,75991.062,0.002802316409
2024-09-01,2024-09-01,4308.488,60316.656,0.07143114831
2024-03-01,2024-05-01,3454.596,109921.769,0.03142776933
2024-03-01,2024-10-01,1220.209,109921.769,0.01110070381
2024-06-01,2024-06-01,799.686,93064.954,0.008592772742
2024-01-01,2024-01-01,385.908,171064.688,0.002255918533
2024-01-01,2024-11-01,2988.93,171064.688,0.01747251309
2024-01-01,2024-06-01,652.494,171064.688,0.003814311461
2024-05-01,2024-12-01,1085.529,79862.687,0.01359244274
2024-04-01,2024-04-01,165.362,91161.444,0.001813946694
2024-07-01,2024-11-01,1193.24,75991.062,0.015702373
2024-06-01,2024-06-01,691.63,93064.954,0.007431691204
2024-03-01,2024-05-01,1028.161,109921.769,0.009353570356
2024-01-01,2024-07-01,2408.72,171064.688,0.01408075523
2024-02-01,2024-02-01,960.107,121900.965,0.007876123048
2024-05-01,2024-08-01,863.436,79862.687,0.01081150701
2024-03-01,2024-06-01,459.344,109921.769,0.004178826489
2024-03-01,2024-09-01,3776.997,109921.769,0.03436077343
2024-04-01,2024-09-01,716.552,91161.444,0.00786025285
2024-05-01,2024-05-01,802.664,79862.687,0.01005055089
2024-12-01,2024-12-01,2378.344,80012.979,0.02972447758
2024-03-01,2024-03-01,2638.39,109921.769,0.02400243395
2024-12-01,2024-12-01,1352.979,80012.979,0.01690949415
2024-01-01,2024-08-01,1044.85,171064.688,0.006107923337
2024-06-01,2024-10-01,193.198,93064.954,0.002075947945
2024-05-01,2024-05-01,685.858,79862.687,0.008587965491
2024-05-01,2024-05-01,63.8,79862.687,0.0007988711925
2024-04-01,2024-04-01,859.726,91161.444,0.009430807173
2024-03-01,2024-03-01,1278.117,109921.769,0.01162751484
2024-12-01,2024-12-01,1342.671,80012.979,0.01678066505
2024-01-01,2024-06-01,5256.87,171064.688,0.03073030478
2024-01-01,2024-01-01,1616.398,171064.688,0.009449045381
2024-08-01,2024-08-01,2565.072,70762.931,0.03624880942
2024-12-01,2024-12-01,1476.559,80012.979,0.01845399357
2024-05-01,2024-08-01,860.374,79862.687,0.0107731662
2024-04-01,2024-07-01,462.43,91161.444,0.005072648915
2024-03-01,2024-11-01,1022.959,109921.769,0.00930624579
2024-02-01,2024-07-01,1556.436,121900.965,0.01276803674
2024-01-01,2024-01-01,592.336,171064.688,0.003462643325
2024-10-01,2024-11-01,2207.994,84522.389,0.02612318495
2024-05-01,2024-05-01,1065.506,79862.687,0.0133417249
2024-01-01,2024-03-01,766.088,171064.688,0.004478352657
2024-06-01,2024-06-01,932.581,93064.954,0.01002075389
2024-02-01,2024-02-01,3362.646,121900.965,0.02758506465
2024-11-01,2024-11-01,3801.99,67846.533,0.0560380882
2024-01-01,2024-09-01,363.645,171064.688,0.002125774783
2024-08-01,2024-08-01,1631.26,70762.931,0.02305246514
2024-01-01,2024-11-01,1837.264,171064.688,0.01074017099
2024-03-01,2024-03-01,1585.576,109921.769,0.01442458591
2024-03-01,2024-11-01,1687.543,109921.769,0.01535221836
2024-04-01,2024-04-01,606.97,91161.444,0.006658187643
2024-06-01,2024-06-01,502.373,93064.954,0.005398090026
2024-01-01,2024-01-01,11695.096,171064.688,0.06836651174
2024-04-01,2024-04-01,156.401,91161.444,0.001715648559
2024-02-01,2024-03-01,3270.886,121900.965,0.02683232245
2024-01-01,2024-01-01,549.016,171064.688,0.003209405789
2024-06-01,2024-06-01,1523.088,93064.954,0.01636585991
2024-08-01,2024-11-01,1597.342,70762.931,0.02257314638
2024-06-01,2024-11-01,2177.158,93064.954,0.02339396203
2024-03-01,2024-03-01,1614.928,109921.769,0.01469161218
2024-01-01,2024-10-01,1079.315,171064.688,0.006309396829
2024-05-01,2024-08-01,97.888,79862.687,0.001225703813
2024-02-01,2024-02-01,6692.056,121900.965,0.05489748174
2024-07-01,2024-07-01,1255.58,75991.062,0.01652273263
2024-06-01,2024-07-01,1966.057,93064.954,0.02112564306
2024-09-01,2024-09-01,1163.994,60316.656,0.0192980526
2024-02-01,2024-08-01,48.936,121900.965,0.0004014406285
2024-03-01,2024-11-01,3659.862,109921.769,0.03329515194
2024-02-01,2024-07-01,591.447,121900.965,0.00485186479
2024-05-01,2024-06-01,537.999,79862.687,0.006736550199
2024-04-01,2024-04-01,3282.058,91161.444,0.03600269868
2024-04-01,2024-12-01,787.41,91161.444,0.00863753321
2024-02-01,2024-02-01,3521.848,121900.965,0.02889105923
2024-03-01,2024-03-01,289.697,109921.769,0.002635483423
2024-06-01,2024-06-01,882.97,93064.954,0.009487674598
2024-09-01,2024-09-01,65.736,60316.656,0.001089848217
2024-08-01,2024-08-01,88.68,70762.931,0.001253198514
2024-09-01,2024-09-01,392.874,60316.656,0.006513524225
2024-02-01,2024-02-01,810.252,121900.965,0.006646805462
2024-10-01,2024-10-01,3813.808,84522.389,0.04512186706
2024-05-01,2024-05-01,362.894,79862.687,0.004543974334
2024-01-01,2024-04-01,1238.174,171064.688,0.007238045528
2024-01-01,2024-11-01,2011.474,171064.688,0.01175855767
2024-01-01,2024-01-01,641.416,171064.688,0.003749552333
2024-01-01,2024-06-01,8232.15,171064.688,0.0481230235
2024-01-01,2024-01-01,784.808,171064.688,0.004587784944
2024-02-01,2024-05-01,886.411,121900.965,0.007271566718
2024-01-01,2024-01-01,1326.116,171064.688,0.007752131755
2024-04-01,2024-05-01,43.38,91161.444,0.0004758590704
2024-01-01,2024-01-01,874.512,171064.688,0.005112171368
2024-05-01,2024-05-01,3505.309,79862.687,0.04389169876
2024-03-01,2024-07-01,53.286,109921.769,0.0004847629408
2024-09-01,2024-09-01,1194.849,60316.656,0.01980960284
2024-03-01,2024-04-01,2629.676,109921.769,0.02392315939
2024-03-01,2024-05-01,2116.422,109921.769,0.01925389319
2024-06-01,2024-12-01,522.276,93064.954,0.005611951412
2024-06-01,2024-06-01,782.736,93064.954,0.008410641884
2024-05-01,2024-05-01,426.134,79862.687,0.005335833491
2024-02-01,2024-02-01,846.482,121900.965,0.006944013938
2024-04-01,2024-06-01,130.893,91161.444,0.001435837282
2024-11-01,2024-11-01,481.736,67846.533,0.007100377554
2024-01-01,2024-02-01,4836.868,171064.688,0.02827508153
2024-01-01,2024-01-01,928.364,171064.688,0.005426976256
2024-07-01,2024-07-01,3054.336,75991.062,0.04019335853
2024-05-01,2024-09-01,5481.104,79862.687,0.06863160014
2024-10-01,2024-10-01,412.481,84522.389,0.004880138918
2024-01-01,2024-01-01,830.392,171064.688,0.004854257239
2024-03-01,2024-05-01,3545.914,109921.769,0.03225852379
2024-02-01,2024-02-01,2974.858,121900.965,0.02440389213
2024-06-01,2024-06-01,48.62,93064.954,0.0005224308175
2024-01-01,2024-01-01,549.662,171064.688,0.003213182138
2024-08-01,2024-08-01,198.376,70762.931,0.002803388684
2024-05-01,2024-05-01,3747.65,79862.687,0.04692616966
2024-03-01,2024-08-01,2290.342,109921.769,0.02083610936
2024-03-01,2024-03-01,47.481,109921.769,0.0004319526553
2024-02-01,2024-06-01,351.396,121900.965,0.002882635096
2024-12-01,2024-12-01,3373.304,80012.979,0.04215946015
2024-10-01,2024-10-01,571.638,84522.389,0.00676315479
2024-04-01,2024-04-01,919.735,91161.444,0.01008907889
2024-03-01,2024-07-01,715.678,109921.769,0.006510794054
2024-08-01,2024-08-01,244.48,70762.931,0.003454916247
2024-03-01,2024-03-01,1079.271,109921.769,0.0098185374
2024-06-01,2024-07-01,1181.289,93064.954,0.01269316697
2024-03-01,2024-07-01,529,109921.769,0.004812513525
2024-01-01,2024-01-01,2544.457,171064.688,0.01487423869
2024-05-01,2024-05-01,371.706,79862.687,0.004654313722
2024-08-01,2024-08-01,400.214,70762.931,0.005655701288
2024-01-01,2024-01-01,1216.707,171064.688,0.007112554989
2024-04-01,2024-05-01,3658.901,91161.444,0.04013649674
2024-01-01,2024-06-01,1453.373,171064.688,0.008496043321
2024-07-01,2024-07-01,1576.777,75991.062,0.02074950604
2024-08-01,2024-08-01,595.324,70762.931,0.008412935863
2024-12-01,2024-12-01,108.39,80012.979,0.001354655224
2024-01-01,2024-08-01,2521.827,171064.688,0.01474194955
2024-05-01,2024-12-01,498.543,79862.687,0.006242502209
2024-01-01,2024-09-01,1628.951,171064.688,0.009522426978
2024-12-01,2024-12-01,878.139,80012.979,0.01097495695
2024-04-01,2024-11-01,8315.988,91161.444,0.09122264452
2024-08-01,2024-09-01,438.223,70762.931,0.006192832798
2024-03-01,2024-03-01,720.862,109921.769,0.006557954867
2024-02-01,2024-02-01,1419.842,121900.965,0.01164750419
2024-08-01,2024-08-01,2040.353,70762.931,0.02883364173
2024-07-01,2024-08-01,1832.834,75991.062,0.02411907337
2024-02-01,2024-07-01,305.345,121900.965,0.002504861221
2024-08-01,2024-11-01,1938.08,70762.931,0.02738835111
2024-08-01,2024-08-01,1213.735,70762.931,0.01715213012
2024-03-01,2024-03-01,884.539,109921.769,0.00804698658
2024-03-01,2024-03-01,1357.756,109921.769,0.01235202101
2024-05-01,2024-05-01,28.78,79862.687,0.0003603685411
2024-03-01,2024-04-01,14.4,109921.769,0.0001310022585
2024-04-01,2024-07-01,1060.372,91161.444,0.01163180346
2024-06-01,2024-07-01,323.894,93064.954,0.003480300436
2024-06-01,2024-06-01,1100.396,93064.954,0.01182395685
2024-05-01,2024-05-01,2076.458,79862.687,0.02600035233
2024-09-01,2024-10-01,4815.01,60316.656,0.07982886187
2024-03-01,2024-03-01,756.738,109921.769,0.006884332438
2024-02-01,2024-05-01,1075.441,121900.965,0.008822251735
2024-06-01,2024-08-01,467.264,93064.954,0.005020837382
2024-03-01,2024-07-01,1486.224,109921.769,0.0135207431
2024-09-01,2024-09-01,796.109,60316.656,0.01319882521
2024-02-01,2024-04-01,1307.475,121900.965,0.01072571493
2024-07-01,2024-09-01,628.564,75991.062,0.008271551725
2024-02-01,2024-07-01,2146.128,121900.965,0.0176055046
2024-02-01,2024-09-01,1224.74,121900.965,0.01004700824
2024-01-01,2024-11-01,912.712,171064.688,0.005335478705
2024-06-01,2024-06-01,634.727,93064.954,0.006820258032
2024-01-01,2024-10-01,653.258,171064.688,0.003818777608
2024-03-01,2024-12-01,722.595,109921.769,0.006573720625
2024-02-01,2024-02-01,2488.196,121900.965,0.02041161856
2024-01-01,2024-12-01,1360.952,171064.688,0.007955774017
2024-03-01,2024-03-01,2941.565,109921.769,0.02676053185
2024-01-01,2024-04-01,10549.59,171064.688,0.06167017941
2024-06-01,2024-09-01,1978.436,93064.954,0.02125865769
2024-05-01,2024-05-01,1999.371,79862.687,0.02503510807
2024-05-01,2024-05-01,1079.604,79862.687,0.0135182529
2024-03-01,2024-03-01,1818.217,109921.769,0.01654100927
2024-03-01,2024-04-01,1884.42,109921.769,0.01714328306
2024-10-01,2024-11-01,3405.22,84522.389,0.04028778694
2024-06-01,2024-06-01,363.046,93064.954,0.003900995857
2024-01-01,2024-12-01,399.654,171064.688,0.0023362741
2024-07-01,2024-11-01,2967.932,75991.062,0.03905633007
2024-01-01,2024-04-01,247.639,171064.688,0.001447633658
2024-02-01,2024-11-01,436,121900.965,0.003576673901
2024-03-01,2024-03-01,1855.323,109921.769,0.01687857662
2024-01-01,2024-10-01,2127.315,171064.688,0.01243573425
2024-10-01,2024-10-01,217.973,84522.389,0.002578878834
2024-02-01,2024-09-01,2223.413,121900.965,0.01823950286
2024-02-01,2024-02-01,6190.93,121900.965,0.05078655448
2024-01-01,2024-01-01,125.063,171064.688,0.0007310860088
2024-11-01,2024-11-01,431.46,67846.533,0.006359352216
2024-11-01,2024-11-01,1213.829,67846.533,0.01789080365
2024-02-01,2024-09-01,2260.745,121900.965,0.01854575146
2024-09-01,2024-09-01,2753.033,60316.656,0.04564299785
2024-07-01,2024-07-01,542.325,75991.062,0.007136694576
2024-01-01,2024-08-01,391.17,171064.688,0.002286678826
2024-01-01,2024-04-01,5335.872,171064.688,0.03119213008
2024-10-01,2024-10-01,231.974,84522.389,0.002744527252
2024-10-01,2024-11-01,801.294,84522.389,0.009480257355
2024-09-01,2024-09-01,1148.844,60316.656,0.0190468782
2024-01-01,2024-01-01,1040.354,171064.688,0.006081640882
2024-02-01,2024-05-01,420.782,121900.965,0.003451834856
2024-10-01,2024-10-01,1052.89,84522.389,0.01245693611
2024-01-01,2024-05-01,1220.509,171064.688,0.007134780499
2024-04-01,2024-11-01,3653.752,91161.444,0.04008001453
2024-02-01,2024-05-01,824.6,121900.965,0.006764507566
2024-07-01,2024-07-01,1147.671,75991.062,0.01510271037
2024-03-01,2024-10-01,1796.573,109921.769,0.0163441056
2024-03-01,2024-03-01,1506.54,109921.769,0.01370556546
2024-04-01,2024-04-01,2048.212,91161.444,0.02246796354
2024-01-01,2024-01-01,793.086,171064.688,0.004636175994
2024-03-01,2024-04-01,2310.282,109921.769,0.0210175111
2024-05-01,2024-05-01,848.484,79862.687,0.01062428566
2024-05-01,2024-07-01,706.788,79862.687,0.00885004032
2024-01-01,2024-11-01,3773.67,171064.688,0.02205990052
2024-10-01,2024-10-01,3014.798,84522.389,0.03566863213
2024-07-01,2024-11-01,611.532,75991.062,0.008047420103
2024-10-01,2024-10-01,3132.839,84522.389,0.03706519701
2024-02-01,2024-12-01,1918.377,121900.965,0.01573717649
2024-08-01,2024-08-01,1491.19,70762.931,0.02107303893
2024-07-01,2024-12-01,2740.919,75991.062,0.03606896558
2024-03-01,2024-03-01,859.678,109921.769,0.007820816639
2024-04-01,2024-04-01,1616.472,91161.444,0.01773197011
2024-01-01,2024-01-01,990.44,171064.688,0.005789856525
2024-06-01,2024-10-01,364.185,93064.954,0.003913234621
2024-03-01,2024-03-01,1989.174,109921.769,0.0180962699
2024-02-01,2024-02-01,458.866,121900.965,0.003764252399
2024-08-01,2024-08-01,1032.914,70762.931,0.0145968233
2024-01-01,2024-01-01,2967.754,171064.688,0.01734872366
2024-10-01,2024-10-01,4585.959,84522.389,0.0542573282
2024-02-01,2024-02-01,1129.868,121900.965,0.009268737126
2024-02-01,2024-07-01,4124.211,121900.965,0.03383247212
2024-06-01,2024-06-01,619.17,93064.954,0.006653095213
2024-06-01,2024-06-01,542.998,93064.954,0.005834613103
2024-03-01,2024-04-01,12618.371,109921.769,0.1147941042
2024-02-01,2024-03-01,454.389,121900.965,0.003727525865
2024-09-01,2024-09-01,763.642,60316.656,0.01266054935
2024-01-01,2024-01-01,697.246,171064.688,0.004075920099
2024-03-01,2024-03-01,1860.174,109921.769,0.016922708
2024-06-01,2024-07-01,1911.43,93064.954,0.02053866593
2024-10-01,2024-10-01,2192.916,84522.389,0.02594479434
2024-02-01,2024-03-01,3586.955,121900.965,0.02942515672
2024-10-01,2024-10-01,97.902,84522.389,0.00115829665
2024-06-01,2024-11-01,1566.584,93064.954,0.01683323241
2024-02-01,2024-09-01,429.39,121900.965,0.003522449556
2024-02-01,2024-03-01,1333.625,121900.965,0.01094023333
2024-02-01,2024-02-01,2103.978,121900.965,0.01725973211
2024-05-01,2024-05-01,405.098,79862.687,0.005072431385
2024-07-01,2024-07-01,2518.1,75991.062,0.0331367918
2024-10-01,2024-10-01,384.768,84522.389,0.004552261295
2024-02-01,2024-02-01,139.3,121900.965,0.001142730905
2024-01-01,2024-01-01,1790.476,171064.688,0.01046666042
2024-09-01,2024-09-01,1786.174,60316.656,0.02961327962
2024-04-01,2024-04-01,935.863,91161.444,0.01026599579
2024-03-01,2024-04-01,1840.008,109921.769,0.01673925026
2024-02-01,2024-10-01,2101.961,121900.965,0.01724318589
2024-01-01,2024-09-01,841.655,171064.688,0.004920097829
2024-11-01,2024-11-01,830.92,67846.533,0.01224705174
2024-11-01,2024-11-01,4295.184,67846.533,0.06330734689
2024-02-01,2024-08-01,1930.5,121900.965,0.01583662607
2024-02-01,2024-02-01,468.849,121900.965,0.003846146747
2024-06-01,2024-07-01,208.446,93064.954,0.002239790502
2024-03-01,2024-03-01,485.802,109921.769,0.004419524944
2024-01-01,2024-01-01,4368.824,171064.688,0.02553901715
2024-03-01,2024-11-01,366.28,109921.769,0.003332188004
2024-03-01,2024-03-01,1224.028,109921.769,0.0111354467
2024-07-01,2024-07-01,1288.773,75991.062,0.016959534
2024-10-01,2024-10-01,2026.24,84522.389,0.02397281979
2024-01-01,2024-03-01,1157.657,171064.688,0.006767363934
2024-01-01,2024-01-01,682.002,171064.688,0.00398680761
2024-11-01,2024-11-01,442.242,67846.533,0.006518269696
2024-01-01,2024-02-01,1011.009,171064.688,0.005910097588
2024-02-01,2024-08-01,365.553,121900.965,0.002998770354
2024-04-01,2024-04-01,558.366,91161.444,0.006125023645
2024-12-01,2024-12-01,271.213,80012.979,0.003389612578
2024-05-01,2024-07-01,273.578,79862.687,0.003425604751
2024-03-01,2024-03-01,1053.973,109921.769,0.009588391904
2024-08-01,2024-08-01,1193.456,70762.931,0.01686555352
2024-02-01,2024-02-01,2411.4,121900.965,0.01978163175
2024-03-01,2024-07-01,2697.822,109921.769,0.02454310938
2024-06-01,2024-06-01,304.036,93064.954,0.003266922584
2024-03-01,2024-03-01,625.922,109921.769,0.005694249699
2024-02-01,2024-05-01,1820.16,121900.965,0.01493146506
2024-04-01,2024-04-01,553.51,91161.444,0.006071755511
2024-01-01,2024-01-01,1860.916,171064.688,0.01087843448
2024-01-01,2024-05-01,734.688,171064.688,0.004294796364
2024-09-01,2024-12-01,165.911,60316.656,0.002750666416
2024-06-01,2024-12-01,1067.845,93064.954,0.01147419038
2024-03-01,2024-06-01,655.612,109921.769,0.005964350883
2024-04-01,2024-04-01,1810.425,91161.444,0.0198595472
2024-07-01,2024-08-01,1264.095,75991.062,0.01663478529
2024-02-01,2024-07-01,964.76,121900.965,0.007914293377
2024-12-01,2024-12-01,757.207,80012.979,0.009463552157
2024-04-01,2024-04-01,2381.14,91161.444,0.02612003382
2024-01-01,2024-02-01,1164.216,171064.688,0.006805706155
2024-05-01,2024-10-01,698.092,79862.687,0.008741153425
2024-02-01,2024-08-01,198.64,121900.965,0.001629519504
2024-09-01,2024-09-01,541.825,60316.656,0.008983007944
2024-01-01,2024-01-01,1494.536,171064.688,0.008736671592
2024-01-01,2024-01-01,283.58,171064.688,0.001657735464
2024-08-01,2024-08-01,1106.006,70762.931,0.01562973699
2024-03-01,2024-04-01,700.488,109921.769,0.006372604866
2024-04-01,2024-09-01,1013.78,91161.444,0.0111207102
2024-01-01,2024-07-01,548.631,171064.688,0.003207155179
2024-06-01,2024-07-01,845.139,93064.954,0.009081173564
2024-06-01,2024-06-01,734.21,93064.954,0.007889221113
2024-12-01,2024-12-01,1779.722,80012.979,0.02224291636
2024-04-01,2024-04-01,2166.377,91161.444,0.02376418039
2024-04-01,2024-04-01,1219.058,91161.444,0.01337251744
2024-05-01,2024-12-01,1784.389,79862.687,0.02234321267
2024-06-01,2024-06-01,607.338,93064.954,0.006525958203
2024-04-01,2024-05-01,938.751,91161.444,0.01029767585
2024-04-01,2024-11-01,767.19,91161.444,0.008415728913
2024-07-01,2024-07-01,131.082,75991.062,0.001724966023
2024-07-01,2024-07-01,833.382,75991.062,0.01096684239
2024-03-01,2024-03-01,960.783,109921.769,0.008740607149
2024-03-01,2024-05-01,214.285,109921.769,0.001949431873
2024-01-01,2024-10-01,405.1,171064.688,0.00236811001
2024-02-01,2024-02-01,194.822,121900.965,0.001598198997
2024-05-01,2024-10-01,875.044,79862.687,0.01095685649
2024-04-01,2024-09-01,2035.07,91161.444,0.02232380172
2024-03-01,2024-03-01,306.828,109921.769,0.002791330624
2024-05-01,2024-05-01,1019.931,79862.687,0.0127710579
2024-01-01,2024-01-01,249.016,171064.688,0.001455683244
2024-01-01,2024-03-01,340.719,171064.688,0.001991755306
2024-01-01,2024-10-01,782.412,171064.688,0.004573778546
2024-02-01,2024-02-01,790.246,121900.965,0.006482688632
2024-05-01,2024-07-01,1651.42,79862.687,0.02067824239
2024-03-01,2024-09-01,1400.297,109921.769,0.01273903261
2024-01-01,2024-01-01,678.186,171064.688,0.00396450026
2024-01-01,2024-06-01,852.403,171064.688,0.004982927862
2024-04-01,2024-09-01,5139.042,91161.444,0.05637297715
2024-12-01,2024-12-01,587.1,80012.979,0.007337559573
2024-03-01,2024-10-01,590.064,109921.769,0.00536803588
2024-09-01,2024-10-01,1639.52,60316.656,0.02718187825
2024-02-01,2024-12-01,147.014,121900.965,0.001206011782
2024-12-01,2024-12-01,694.793,80012.979,0.00868350371
2024-07-01,2024-07-01,591.474,75991.062,0.007783468008
2024-02-01,2024-07-01,1217.225,121900.965,0.009985359837
2024-04-01,2024-04-01,883.585,91161.444,0.009692529662
2024-07-01,2024-07-01,335.517,75991.062,0.004415216621
2024-04-01,2024-04-01,246.155,91161.444,0.002700209532
2024-01-01,2024-01-01,762.608,171064.688,0.004458009475
2024-02-01,2024-03-01,4909.746,121900.965,0.04027651463
2024-05-01,2024-05-01,1425.3,79862.687,0.01784688261
2024-10-01,2024-10-01,713.89,84522.389,0.008446164483
2024-08-01,2024-08-01,1773.35,70762.931,0.02506043736
2024-10-01,2024-10-01,56.734,84522.389,0.0006712304358
2024-07-01,2024-07-01,608.246,75991.062,0.008004178176
2024-01-01,2024-11-01,2018.174,171064.688,0.01179772415
2024-10-01,2024-11-01,583.511,84522.389,0.006903626446
2024-08-01,2024-12-01,1087.342,70762.931,0.01536598307
2024-10-01,2024-11-01,1513.664,84522.389,0.01790843844
2024-05-01,2024-09-01,1569.644,79862.687,0.01965428486
2024-01-01,2024-12-01,2586.868,171064.688,0.01512216244
2024-04-01,2024-04-01,1056.957,91161.444,0.01159434245
2024-12-01,2024-12-01,26.683,80012.979,0.0003334833965
2024-03-01,2024-08-01,177.496,109921.769,0.001614748394
2024-04-01,2024-04-01,1261.508,91161.444,0.01383817483
2024-02-01,2024-02-01,2001.278,121900.965,0.01641724493
2024-08-01,2024-10-01,1831.762,70762.931,0.0258858978
2024-09-01,2024-09-01,296.506,60316.656,0.00491582292
2024-05-01,2024-09-01,1838.135,79862.687,0.02301619278
2024-01-01,2024-08-01,2595.079,171064.688,0.01517016183
2024-07-01,2024-07-01,704.278,75991.062,0.009267905744
2024-11-01,2024-11-01,1016.936,67846.533,0.01498876884
2024-03-01,2024-09-01,508.179,109921.769,0.004623096995
2024-04-01,2024-04-01,2079.48,91161.444,0.02281095942
2024-04-01,2024-07-01,1005.467,91161.444,0.01102952033
2024-10-01,2024-10-01,893.102,84522.389,0.01056645477
2024-03-01,2024-03-01,935.964,109921.769,0.008514819298
2024-02-01,2024-02-01,958.231,121900.965,0.007860733506
2024-05-01,2024-05-01,260.592,79862.687,0.003263000655
2024-01-01,2024-06-01,150.056,171064.688,0.000877188634
2024-04-01,2024-04-01,618.043,91161.444,0.006779653468
2024-01-01,2024-01-01,298.636,171064.688,0.001745748953
2024-08-01,2024-08-01,2307.062,70762.931,0.03260269137
2024-07-01,2024-08-01,150.426,75991.062,0.001979522276
2024-12-01,2024-12-01,2786.511,80012.979,0.03482573746
2024-11-01,2024-11-01,1264.3,67846.533,0.01863470312
2024-05-01,2024-05-01,368.142,79862.687,0.004609687125
2024-03-01,2024-12-01,622.2,109921.769,0.005660389254
2024-01-01,2024-01-01,329.913,171064.688,0.00192858622
2024-08-01,2024-12-01,893.08,70762.931,0.01262073217
2024-11-01,2024-11-01,858.402,67846.533,0.01265211297
2024-06-01,2024-06-01,22.176,93064.954,0.0002382851874
2024-04-01,2024-06-01,1602.172,91161.444,0.01757510555
2024-02-01,2024-02-01,938.41,121900.965,0.007698134301
2024-10-01,2024-10-01,3549.04,84522.389,0.04198934793
2024-07-01,2024-07-01,1252.787,75991.062,0.01648597831
2024-07-01,2024-07-01,55.62,75991.062,0.0007319281839
2024-01-01,2024-01-01,820.962,171064.688,0.004799131893
2024-08-01,2024-08-01,1394.924,70762.931,0.0197126374
2024-03-01,2024-05-01,96.414,109921.769,0.0008771147051
2024-06-01,2024-06-01,463.317,93064.954,0.004978426143
2024-01-01,2024-01-01,995.509,171064.688,0.00581948859
2024-12-01,2024-12-01,889.647,80012.979,0.01111878362
2024-01-01,2024-12-01,3283.02,171064.688,0.0191916873
2024-01-01,2024-01-01,461.457,171064.688,0.002697558482
2024-02-01,2024-02-01,1312.942,121900.965,0.01077056281
2024-02-01,2024-02-01,318.302,121900.965,0.002611152422
2024-03-01,2024-03-01,1299.903,109921.769,0.01182571034
2024-02-01,2024-02-01,1177.54,121900.965,0.009659808682
2024-02-01,2024-02-01,1214.87,121900.965,0.009966040876
2024-01-01,2024-01-01,4733.864,171064.688,0.02767294674
2024-04-01,2024-04-01,334.733,91161.444,0.003671870314
2024-02-01,2024-06-01,44.019,121900.965,0.0003611046065
2024-07-01,2024-07-01,433.881,75991.062,0.005709632009
2024-06-01,2024-06-01,424.49,93064.954,0.004561222907
2024-02-01,2024-11-01,969.494,121900.965,0.007953128181
2024-03-01,2024-03-01,456.65,109921.769,0.00415431815
2024-06-01,2024-06-01,813.332,93064.954,0.008739401515
2024-04-01,2024-04-01,531.141,91161.444,0.005826377651
2024-01-01,2024-03-01,5910.276,171064.688,0.03454994756
2024-01-01,2024-06-01,2623.276,171064.688,0.01533499421
2024-03-01,2024-08-01,7548.734,109921.769,0.06867369465
2024-02-01,2024-02-01,2720.108,121900.965,0.02231408094
2024-07-01,2024-07-01,46.224,75991.062,0.0006082820635
2024-01-01,2024-03-01,123.151,171064.688,0.0007199089505
2024-05-01,2024-10-01,5.81,79862.687,7.274986878e-05
2024-04-01,2024-06-01,94.164,91161.444,0.001032936688
2024-01-01,2024-10-01,71.1,171064.688,0.0004156322432
2024-01-01,2024-01-01,919.44,171064.688,0.005374808856
2024-10-01,2024-10-01,3699.635,84522.389,0.0437710652
2024-04-01,2024-12-01,893.951,91161.444,0.009806240015
2024-07-01,2024-07-01,339.383,75991.062,0.004466091025
2024-03-01,2024-03-01,1228.012,109921.769,0.01117169066
2024-05-01,2024-05-01,364.152,79862.687,0.004559726371
2024-01-01,2024-03-01,2523.876,171064.688,0.01475392747
2024-02-01,2024-02-01,1014.52,121900.965,0.008322493591
2024-10-01,2024-11-01,1963.536,84522.389,0.02323095718
2024-03-01,2024-07-01,1600.532,109921.769,0.01456064631
2024-06-01,2024-09-01,1011.695,93064.954,0.01087084833
2024-03-01,2024-03-01,2029.788,109921.769,0.01846575086
2024-02-01,2024-02-01,1074.622,121900.965,0.008815533167
2024-01-01,2024-12-01,740.778,171064.688,0.004330396931
2024-01-01,2024-01-01,2521.582,171064.688,0.01474051734
2024-01-01,2024-09-01,2371.902,171064.688,0.01386552671
2024-08-01,2024-09-01,1556.4,70762.931,0.02199456662
2024-02-01,2024-05-01,461.574,121900.965,0.003786467154
2024-01-01,2024-01-01,1928.063,171064.688,0.0112709585
2024-01-01,2024-01-01,4617.036,171064.688,0.02699000041
2024-06-01,2024-06-01,829.803,93064.954,0.008916385431
2024-01-01,2024-05-01,11738.007,171064.688,0.06861735836
2024-07-01,2024-12-01,3718.376,75991.062,0.04893175463
2024-09-01,2024-09-01,1251.324,60316.656,0.02074591138
2024-03-01,2024-03-01,375.086,109921.769,0.003412299524
2024-01-01,2024-03-01,286.922,171064.688,0.001677271934
2024-04-01,2024-04-01,2277.342,91161.444,0.02498141649
2024-01-01,2024-11-01,669.6,171064.688,0.00391430872
2024-03-01,2024-03-01,520.34,109921.769,0.004733730222
2024-01-01,2024-12-01,3612.138,171064.688,0.02111562615
2024-05-01,2024-06-01,1431.692,79862.687,0.01792691999
2024-11-01,2024-12-01,3026.356,67846.533,0.04460590492
2024-12-01,2024-12-01,2318.449,80012.979,0.02897591152
2024-11-01,2024-11-01,2526.898,67846.533,0.03724432021
2024-06-01,2024-07-01,770.715,93064.954,0.008281474034
2024-05-01,2024-05-01,1970.6,79862.687,0.02467485222
2024-05-01,2024-08-01,62.07,79862.687,0.0007772090113
2024-04-01,2024-04-01,4412.768,91161.444,0.04840607834
2024-04-01,2024-04-01,215.412,91161.444,0.002362972662
2024-12-01,2024-12-01,3691.09,80012.979,0.0461311408
2024-01-01,2024-05-01,889.199,171064.688,0.005198027778
2024-10-01,2024-10-01,908.982,84522.389,0.01075433398
2024-08-01,2024-08-01,355.566,70762.931,0.005024749469
2024-07-01,2024-12-01,3451.276,75991.062,0.04541686758
2024-02-01,2024-04-01,1922.847,121900.965,0.0157738456
2024-08-01,2024-08-01,341.67,70762.931,0.004828375467
2024-06-01,2024-11-01,1477.86,93064.954,0.01587987676
2024-10-01,2024-10-01,306.233,84522.389,0.0036230992
2024-02-01,2024-02-01,2918.006,121900.965,0.02393751354
2024-01-01,2024-01-01,909.918,171064.688,0.005319145702
2024-12-01,2024-12-01,404.449,80012.979,0.005054792423
2024-04-01,2024-04-01,814.222,91161.444,0.008931648779
2024-11-01,2024-11-01,1371.742,67846.533,0.02021830651
2024-11-01,2024-11-01,1149.638,67846.533,0.01694468308
2024-01-01,2024-04-01,187.6,171064.688,0.001096661165
2024-08-01,2024-08-01,525.306,70762.931,0.007423462999
2024-01-01,2024-09-01,543.396,171064.688,0.00317655272
2024-01-01,2024-01-01,110.493,171064.688,0.0006459135506
2024-02-01,2024-02-01,2059.674,121900.965,0.01689628954
2024-08-01,2024-08-01,1373.34,70762.931,0.01940761894
2024-06-01,2024-12-01,1038.48,93064.954,0.01115865807
2024-04-01,2024-04-01,1547.158,91161.444,0.01697162673
2024-01-01,2024-01-01,2526.662,171064.688,0.01477021371
2024-09-01,2024-09-01,103.698,60316.656,0.00171922661
2024-08-01,2024-11-01,886.774,70762.931,0.01253161772
2024-07-01,2024-07-01,1583,75991.062,0.02083139725
2024-07-01,2024-07-01,1893.746,75991.062,0.02492064132
2024-02-01,2024-04-01,378.253,121900.965,0.003102953287
2024-01-01,2024-05-01,5270.757,171064.688,0.0308114846
2024-01-01,2024-01-01,1091.66,171064.688,0.006381562512
2024-01-01,2024-12-01,2550.519,171064.688,0.01490967557
2024-07-01,2024-07-01,77.329,75991.062,0.001017606518
2024-02-01,2024-03-01,556.209,121900.965,0.004562794068
2024-08-01,2024-08-01,1311.228,70762.931,0.01852987124
2024-09-01,2024-09-01,523.338,60316.656,0.008676508857
2024-04-01,2024-04-01,25.736,91161.444,0.0002823123337
2024-08-01,2024-08-01,1306.058,70762.931,0.01845681039
2024-01-01,2024-01-01,1000.352,171064.688,0.005847799518
2024-04-01,2024-06-01,2194.377,91161.444,0.02407132779
2024-01-01,2024-01-01,3545.411,171064.688,0.02072555734
2024-01-01,2024-01-01,323.109,171064.688,0.001888811793
2024-06-01,2024-06-01,1621.677,93064.954,0.0174252168
2024-06-01,2024-06-01,299.24,93064.954,0.003215388684
2024-04-01,2024-05-01,1599.473,91161.444,0.01754549873
2024-03-01,2024-03-01,939.783,109921.769,0.008549562189
2024-02-01,2024-10-01,1676.356,121900.965,0.01375178613
2024-03-01,2024-11-01,913.568,109921.769,0.008311074397
2024-02-01,2024-09-01,225.897,121900.965,0.001853119046
2024-03-01,2024-11-01,1508.82,109921.769,0.01372630748
2024-02-01,2024-02-01,189.024,121900.965,0.001550635797
2024-02-01,2024-04-01,1129.448,121900.965,0.009265291706
2024-01-01,2024-01-01,392.373,171064.688,0.002293711254
2024-01-01,2024-07-01,1226.886,171064.688,0.007172058795
2024-03-01,2024-09-01,3075.554,109921.769,0.02797948057
2024-07-01,2024-10-01,2153.927,75991.062,0.0283444782
2024-01-01,2024-12-01,814.486,171064.688,0.004761274869
2024-11-01,2024-11-01,1413.542,67846.533,0.02083440284
2024-07-01,2024-07-01,1574.444,75991.062,0.02071880506
2024-11-01,2024-12-01,2977.327,67846.533,0.0438832593
2024-05-01,2024-11-01,140.856,79862.687,0.001763727284
2024-06-01,2024-10-01,739.612,93064.954,0.007947266594
2024-01-01,2024-06-01,646.522,171064.688,0.003779400691
2024-08-01,2024-08-01,135.172,70762.931,0.001910209174
2024-12-01,2024-12-01,153.672,80012.979,0.001920588409
2024-05-01,2024-07-01,2172.387,79862.687,0.02720152654
2024-07-01,2024-07-01,659.019,75991.062,0.008672322542
2024-02-01,2024-02-01,900.196,121900.965,0.007384650318
2024-04-01,2024-09-01,1199.675,91161.444,0.01315989466
2024-01-01,2024-09-01,245.196,171064.688,0.00143335251
2024-02-01,2024-10-01,1816.084,121900.965,0.01489802808
2024-02-01,2024-07-01,2138.375,121900.965,0.01754190379
2024-06-01,2024-06-01,111.223,93064.954,0.001195111535
2024-04-01,2024-04-01,95.963,91161.444,0.001052670908
2024-02-01,2024-05-01,460.719,121900.965,0.003779453264
2024-10-01,2024-12-01,726.148,84522.389,0.008591191146
2024-05-01,2024-11-01,1301.752,79862.687,0.01629987731
2024-03-01,2024-07-01,53.424,109921.769,0.0004860183791
2024-03-01,2024-03-01,137.99,109921.769,0.001255347337
2024-01-01,2024-02-01,2013.62,171064.688,0.01177110264
2024-12-01,2024-12-01,118.025,80012.979,0.001475073188
2024-11-01,2024-11-01,2125.476,67846.533,0.03132770248
2024-08-01,2024-08-01,1150.454,70762.931,0.01625786247
2024-01-01,2024-08-01,787.684,171064.688,0.004604597297
2024-01-01,2024-07-01,1805.522,171064.688,0.01055461546
2024-08-01,2024-08-01,216.78,70762.931,0.003063468357
2024-09-01,2024-09-01,1976.245,60316.656,0.03276449875
2024-03-01,2024-09-01,4083.138,109921.769,0.03714585416
2024-02-01,2024-12-01,530.578,121900.965,0.004352533222
2024-06-01,2024-06-01,768.178,93064.954,0.008254213503
2024-08-01,2024-08-01,2026.739,70762.931,0.02864125286
2024-05-01,2024-05-01,727.562,79862.687,0.009110161796
2024-04-01,2024-08-01,1794.024,91161.444,0.01967963561
2024-06-01,2024-11-01,1399.112,93064.954,0.01503371505
2024-08-01,2024-09-01,20.776,70762.931,0.0002936000489
2024-06-01,2024-06-01,893.239,93064.954,0.009598016886
2024-02-01,2024-03-01,1925.253,121900.965,0.01579358293
2024-01-01,2024-09-01,272.096,171064.688,0.001590602965
2024-12-01,2024-12-01,629.827,80012.979,0.007871560438
2024-01-01,2024-02-01,1702.013,171064.688,0.009949528567
2024-04-01,2024-07-01,694.445,91161.444,0.007617749012
2024-03-01,2024-07-01,1637.801,109921.769,0.01489969653
2024-01-01,2024-08-01,238.4,171064.688,0.001393624849
2024-06-01,2024-10-01,934.504,93064.954,0.01004141688
2024-10-01,2024-10-01,2687.374,84522.389,0.03179481829
2024-04-01,2024-08-01,699.818,91161.444,0.007676688403
2024-05-01,2024-11-01,150.83,79862.687,0.001888616645
2024-07-01,2024-07-01,542.364,75991.062,0.007137207794
2024-08-01,2024-08-01,69.826,70762.931,0.000986759579
2024-04-01,2024-04-01,983.471,91161.444,0.01078823411
2024-04-01,2024-06-01,485.483,91161.444,0.005325529947
2024-06-01,2024-06-01,68.976,93064.954,0.0007411597711
2024-06-01,2024-06-01,427.572,93064.954,0.004594339562
2024-01-01,2024-12-01,478.313,171064.688,0.002796094306
2024-03-01,2024-03-01,1568.059,109921.769,0.01426522712
2024-01-01,2024-04-01,39.879,171064.688,0.0002331223379
2024-04-01,2024-05-01,325.968,91161.444,0.00357572221
2024-07-01,2024-07-01,432.382,75991.062,0.005689906005
2024-07-01,2024-12-01,1280.176,75991.062,0.01684640228
2024-03-01,2024-03-01,336.28,109921.769,0.003059266632
2024-11-01,2024-11-01,1166.032,67846.533,0.01718631665
2024-01-01,2024-01-01,389.14,171064.688,0.002274811971
2024-02-01,2024-08-01,1148.078,121900.965,0.009418120685
2024-03-01,2024-07-01,1190.489,109921.769,0.0108303297
2024-06-01,2024-06-01,2034.956,93064.954,0.02186597546
2024-04-01,2024-07-01,47.261,91161.444,0.0005184318932
2024-02-01,2024-02-01,6617.502,121900.965,0.05428588691
2024-03-01,2024-03-01,1417.99,109921.769,0.01289999254
2024-01-01,2024-12-01,782.738,171064.688,0.004575684258
2024-06-01,2024-08-01,114.803,93064.954,0.001233579291
2024-06-01,2024-06-01,936.2,93064.954,0.01005964071
2024-01-01,2024-01-01,465.59,171064.688,0.002721718932
2024-07-01,2024-08-01,16.99,75991.062,0.0002235789256
2024-11-01,2024-11-01,342.2,67846.533,0.005043735986
2024-05-01,2024-05-01,479.621,79862.687,0.006005570536
2024-01-01,2024-04-01,104.301,171064.688,0.0006097167172
2024-06-01,2024-06-01,151.393,93064.954,0.001626745552
2024-01-01,2024-07-01,485.556,171064.688,0.002838435014
2024-09-01,2024-09-01,131.883,60316.656,0.002186510472
2024-04-01,2024-05-01,636.009,91161.444,0.0069767324
2024-05-01,2024-05-01,51.368,79862.687,0.0006432040034
2024-10-01,2024-10-01,155.886,84522.389,0.001844316066
2024-01-01,2024-07-01,148.394,171064.688,0.0008674730111
2024-03-01,2024-06-01,56.348,109921.769,0.0005126191155
2024-07-01,2024-07-01,713.799,75991.062,0.009393196795
2024-01-01,2024-02-01,825.951,171064.688,0.004828296299
2024-09-01,2024-09-01,276.5,60316.656,0.004584140076
2024-02-01,2024-07-01,1395.848,121900.965,0.01145067227
2024-01-01,2024-01-01,383.855,171064.688,0.002243917225
2024-03-01,2024-08-01,1652.701,109921.769,0.01503524748
2024-01-01,2024-11-01,940.832,171064.688,0.005499860965
2024-08-01,2024-09-01,1158.828,70762.931,0.01637620126
2024-03-01,2024-03-01,1103.917,109921.769,0.0100427514
2024-04-01,2024-04-01,560.664,91161.444,0.00615023167
2024-03-01,2024-05-01,2451.864,109921.769,0.02230553622
2024-01-01,2024-01-01,1226.054,171064.688,0.007167195137
2024-04-01,2024-09-01,1214.879,91161.444,0.01332667569
2024-02-01,2024-04-01,10249.892,121900.965,0.08408376423
2024-01-01,2024-10-01,759.591,171064.688,0.004440372872
2024-02-01,2024-02-01,569.126,121900.965,0.004668757134
2024-06-01,2024-07-01,481.982,93064.954,0.005178984991
2024-08-01,2024-08-01,558.09,70762.931,0.007886756415
2024-07-01,2024-07-01,53.685,75991.062,0.0007064646629
2024-02-01,2024-09-01,1040.221,121900.965,0.008533328674
2024-04-01,2024-04-01,295.047,91161.444,0.00323653276
2024-02-01,2024-05-01,558.152,121900.965,0.004578733236
2024-04-01,2024-04-01,681.478,91161.444,0.00747550686
2024-01-01,2024-08-01,625.814,171064.688,0.003658347069
2024-03-01,2024-10-01,1352.01,109921.769,0.01229974747
2024-05-01,2024-05-01,1401.316,79862.687,0.01754656715
2024-05-01,2024-05-01,1398.411,79862.687,0.01751019221
2024-02-01,2024-02-01,1172.512,121900.965,0.009618562084
2024-04-01,2024-04-01,1126.152,91161.444,0.01235338045
2024-02-01,2024-08-01,974.526,121900.965,0.007994407591
2024-04-01,2024-04-01,767.067,91161.444,0.008414379658
2024-06-01,2024-09-01,690.268,93064.954,0.007417056264
2024-12-01,2024-12-01,225.829,80012.979,0.0028224046
2024-01-01,2024-07-01,460.4,171064.688,0.002691379532
2024-06-01,2024-06-01,1828.64,93064.954,0.0196490722
2024-03-01,2024-06-01,1170.896,109921.769,0.01065208476
2024-02-01,2024-11-01,562.624,121900.965,0.004615418754
2024-07-01,2024-07-01,1668.757,75991.062,0.02195991155
2024-09-01,2024-09-01,1730.994,60316.656,0.02869844111
2024-05-01,2024-09-01,921.235,79862.687,0.01153523672
2024-05-01,2024-05-01,787.47,79862.687,0.009860299341
2024-12-01,2024-12-01,106.316,80012.979,0.001328734429
2024-06-01,2024-06-01,904.976,93064.954,0.009724133104
2024-01-01,2024-08-01,139.681,171064.688,0.0008165390627
2024-05-01,2024-08-01,256.654,79862.687,0.003213691019
2024-01-01,2024-01-01,2081.831,171064.688,0.01216984653
2024-03-01,2024-03-01,1123.359,109921.769,0.01021962265
2024-08-01,2024-08-01,22.32,70762.931,0.0003154193825
2024-05-01,2024-05-01,3390.033,79862.687,0.04244827124
2024-03-01,2024-05-01,5.592,109921.769,5.087254373e-05
2024-04-01,2024-04-01,99.171,91161.444,0.001087861223
2024-11-01,2024-11-01,733.508,67846.533,0.01081128199
2024-11-01,2024-11-01,1130.39,67846.533,0.01666098399
2024-03-01,2024-07-01,1063.767,109921.769,0.009677491635
2024-09-01,2024-09-01,3684.117,60316.656,0.06107959632
2024-01-01,2024-01-01,2342.132,171064.688,0.01369149897
2024-03-01,2024-03-01,1023.023,109921.769,0.009306828022
2024-01-01,2024-02-01,1100.406,171064.688,0.00643268937
2024-06-01,2024-06-01,2526.202,93064.954,0.02714450383
2024-03-01,2024-03-01,1910.278,109921.769,0.01737852308
2024-04-01,2024-10-01,831.428,91161.444,0.009120390853
2024-10-01,2024-10-01,1473.88,84522.389,0.01743774658
2024-04-01,2024-04-01,447.743,91161.444,0.004911539137
2024-04-01,2024-04-01,1688.633,91161.444,0.01852354379
2024-06-01,2024-06-01,1625.175,93064.954,0.01746280345
2024-02-01,2024-02-01,2989.959,121900.965,0.02452777138
2024-01-01,2024-11-01,629.296,171064.688,0.003678701942
2024-01-01,2024-01-01,540.939,171064.688,0.003162189733
2024-06-01,2024-06-01,150.65,93064.954,0.001618761881
2024-07-01,2024-07-01,630.45,75991.062,0.008296370434
2024-09-01,2024-10-01,1437.219,60316.656,0.0238278959
2024-01-01,2024-01-01,4977.792,171064.688,0.02909888685
2024-09-01,2024-09-01,3135.475,60316.656,0.05198356819
2024-02-01,2024-08-01,612.052,121900.965,0.005020895446
2024-08-01,2024-08-01,836.81,70762.931,0.01182554182
2024-06-01,2024-06-01,816.947,93064.954,0.008778245353
2024-04-01,2024-06-01,345.999,91161.444,0.003795453262
2024-04-01,2024-04-01,3058.243,91161.444,0.0335475489
2024-06-01,2024-06-01,165.666,93064.954,0.001780111555
2024-11-01,2024-11-01,2681.24,67846.533,0.03951918958
2024-04-01,2024-04-01,188.576,91161.444,0.002068593824
2024-05-01,2024-05-01,1186.294,79862.687,0.01485417088
2024-01-01,2024-10-01,881.375,171064.688,0.005152290694
2024-12-01,2024-12-01,1030.064,80012.979,0.0128737114
2024-03-01,2024-05-01,1724.803,109921.769,0.0156911867
2024-05-01,2024-05-01,2070.313,79862.687,0.02592340776
2024-08-01,2024-08-01,297.752,70762.931,0.004207739784
2024-08-01,2024-08-01,24.932,70762.931,0.000352331364
2024-04-01,2024-07-01,2989.752,91161.444,0.03279623346
2024-01-01,2024-01-01,615.396,171064.688,0.003597446131
2024-04-01,2024-11-01,1068.458,91161.444,0.01172050324
2024-07-01,2024-07-01,61.278,75991.062,0.0008063843087
2024-08-01,2024-08-01,186.872,70762.931,0.00264081769
2024-01-01,2024-01-01,2733.791,171064.688,0.01598103637
2024-02-01,2024-12-01,1078.871,121900.965,0.00885038933
2024-06-01,2024-06-01,3071.634,93064.954,0.03300527071
2024-04-01,2024-04-01,511.883,91161.444,0.005615126061
2024-10-01,2024-10-01,739.58,84522.389,0.008750107619
2024-06-01,2024-06-01,660.484,93064.954,0.007097021721
2024-01-01,2024-10-01,452.03,171064.688,0.002642450673
2024-11-01,2024-11-01,61.356,67846.533,0.0009043350822
2024-01-01,2024-05-01,984.768,171064.688,0.005756699477
2024-04-01,2024-11-01,866.952,91161.444,0.00951007314
2024-06-01,2024-06-01,588.275,93064.954,0.006321122772
2024-01-01,2024-01-01,1673.016,171064.688,0.009780019591
2024-01-01,2024-03-01,478.732,171064.688,0.002798543671
2024-04-01,2024-04-01,834.723,91161.444,0.00915653552
2024-03-01,2024-03-01,286.345,109921.769,0.002604989008
2024-07-01,2024-07-01,2151.837,75991.062,0.02831697496
2024-07-01,2024-07-01,2262.226,75991.062,0.02976963264
2024-03-01,2024-07-01,39.05,109921.769,0.0003552526525
2024-06-01,2024-07-01,560.487,93064.954,0.006022535615
2024-03-01,2024-11-01,289.072,109921.769,0.002629797561
2024-08-01,2024-11-01,245.103,70762.931,0.003463720292
2024-03-01,2024-08-01,1245.188,109921.769,0.01132794724
2024-05-01,2024-10-01,1810.063,79862.687,0.02266468946
2024-04-01,2024-11-01,651.48,91161.444,0.007146442305
2024-02-01,2024-02-01,401.9,121900.965,0.003296938626
2024-04-01,2024-04-01,567.765,91161.444,0.006228126443
2024-08-01,2024-08-01,35.2,70762.931,0.0004974355853
2024-04-01,2024-08-01,624.62,91161.444,0.006851800197
2024-03-01,2024-03-01,485.314,109921.769,0.004415085423
2024-03-01,2024-03-01,5041.111,109921.769,0.04586089767
2024-02-01,2024-10-01,356.12,121900.965,0.002921387866
2024-01-01,2024-01-01,5416.837,171064.688,0.03166543057
2024-10-01,2024-10-01,1263.685,84522.389,0.0149508907
2024-07-01,2024-07-01,2076.916,75991.062,0.02733105638
2024-03-01,2024-03-01,1469.827,109921.769,0.01337157338
2024-04-01,2024-06-01,616.39,91161.444,0.006761520803
2024-06-01,2024-06-01,758.745,93064.954,0.008152854188
2024-07-01,2024-07-01,579.978,75991.062,0.007632187059
2024-06-01,2024-07-01,290.175,93064.954,0.003117983597
2024-03-01,2024-03-01,2003.264,109921.769,0.01822445197
2024-01-01,2024-11-01,311.128,171064.688,0.00181877396
2024-07-01,2024-08-01,2657.118,75991.062,0.03496619116
2024-05-01,2024-05-01,695.838,79862.687,0.008712929982
2024-03-01,2024-09-01,134.1,109921.769,0.001219958533
2024-12-01,2024-12-01,261.86,80012.979,0.003272719042
2024-06-01,2024-08-01,1517.563,93064.954,0.01630649277
2024-06-01,2024-06-01,2372.349,93064.954,0.02549132512
2024-03-01,2024-09-01,1574.222,109921.769,0.01432129427
2024-12-01,2024-12-01,1335.469,80012.979,0.01669065465
2024-01-01,2024-08-01,38.403,171064.688,0.000224494023
2024-09-01,2024-09-01,602.546,60316.656,0.009989711631
2024-03-01,2024-12-01,1789.204,109921.769,0.01627706701
2024-01-01,2024-11-01,1191.97,171064.688,0.006967948873
2024-02-01,2024-11-01,1078.872,121900.965,0.008850397534
2024-10-01,2024-10-01,406.057,84522.389,0.004804135387
2024-06-01,2024-06-01,1215.664,93064.954,0.01306253265
2024-03-01,2024-03-01,399.448,109921.769,0.003633929872
2024-12-01,2024-12-01,719.339,80012.979,0.00899027894
2024-12-01,2024-12-01,2011.587,80012.979,0.02514075873
2024-06-01,2024-06-01,202.403,93064.954,0.002174857358
2024-04-01,2024-04-01,1643.31,91161.444,0.01802637089
2024-01-01,2024-09-01,1306.98,171064.688,0.00764026764
2024-03-01,2024-03-01,849.18,109921.769,0.007725312354
2024-05-01,2024-11-01,539.086,79862.687,0.006750161061
2024-02-01,2024-02-01,1256.536,121900.965,0.01030784293
2024-01-01,2024-09-01,1442.494,171064.688,0.008432447496
2024-01-01,2024-01-01,499.845,171064.688,0.002921964818
2024-02-01,2024-02-01,2114.68,121900.965,0.01734752469
2024-09-01,2024-10-01,18.711,60316.656,0.0003102128208
2024-05-01,2024-11-01,2053.126,79862.687,0.02570820088
2024-02-01,2024-03-01,768.48,121900.965,0.006304133852
2024-01-01,2024-01-01,2559.713,171064.688,0.01496342132
2024-01-01,2024-11-01,111.342,171064.688,0.0006508765854
2024-02-01,2024-02-01,1189.028,121900.965,0.009754049117
2024-02-01,2024-11-01,1346.332,121900.965,0.01104447368
2024-03-01,2024-12-01,1091.423,109921.769,0.00992908875
2024-03-01,2024-10-01,715.609,109921.769,0.006510166335
2024-01-01,2024-03-01,107.1,171064.688,0.0006260789486
2024-07-01,2024-07-01,331.378,75991.062,0.004360749689
2024-02-01,2024-11-01,3594.696,121900.965,0.02948865909
2024-04-01,2024-04-01,2106.874,91161.444,0.02311145927
2024-10-01,2024-10-01,1430.5,84522.389,0.01692450979
2024-02-01,2024-02-01,1033.625,121900.965,0.008479219176
2024-01-01,2024-01-01,340.715,171064.688,0.001991731923
2024-03-01,2024-03-01,2027.23,109921.769,0.01844247976
2024-01-01,2024-04-01,3362.997,171064.688,0.01965921219
2024-06-01,2024-10-01,169.673,93064.954,0.001823167505
2024-02-01,2024-11-01,2150.184,121900.965,0.01763877751
2024-08-01,2024-08-01,372.224,70762.931,0.005260155208
2024-07-01,2024-08-01,527.074,75991.062,0.006935999921
2024-02-01,2024-12-01,421.216,121900.965,0.003455395123
2024-02-01,2024-02-01,267.82,121900.965,0.002197029367
2024-10-01,2024-11-01,4413.91,84522.389,0.05222178469
2024-02-01,2024-05-01,543.254,121900.965,0.004456519274
2024-03-01,2024-03-01,399.457,109921.769,0.003634011749
2024-10-01,2024-10-01,529.718,84522.389,0.006267191525
2024-03-01,2024-05-01,47.992,109921.769,0.000436601416
2024-02-01,2024-08-01,1273.584,121900.965,0.01044769416
2024-02-01,2024-12-01,4184.907,121900.965,0.03433038451
2024-01-01,2024-03-01,1744.314,171064.688,0.01019680929
2024-12-01,2024-12-01,370.109,80012.979,0.004625612052
2024-07-01,2024-12-01,384.787,75991.062,0.005063582346
2024-07-01,2024-08-01,490.522,75991.062,0.006454995984
2024-03-01,2024-03-01,779.842,109921.769,0.007094518284
2024-05-01,2024-08-01,1436.438,79862.687,0.01798634699
2024-08-01,2024-08-01,288.15,70762.931,0.00407204727
2024-07-01,2024-09-01,656.203,75991.062,0.008635265553
2024-04-01,2024-04-01,343.057,91161.444,0.003763180846
2024-02-01,2024-06-01,1002.283,121900.965,0.008222108824
2024-05-01,2024-05-01,809.531,79862.687,0.01013653598
2024-01-01,2024-01-01,1625.943,171064.688,0.009504842987
2024-11-01,2024-11-01,902.372,67846.533,0.01330019325
2024-07-01,2024-07-01,1842.773,75991.062,0.02424986507
2024-08-01,2024-08-01,158.764,70762.931,0.00224360407
2024-06-01,2024-06-01,869.788,93064.954,0.00934603159
2024-07-01,2024-07-01,1974.753,75991.062,0.02598664827
2024-01-01,2024-07-01,98.003,171064.688,0.0005729002353
2024-01-01,2024-03-01,660.329,171064.688,0.003860112848
2024-12-01,2024-12-01,366.846,80012.979,0.004584831168
2024-01-01,2024-08-01,413.806,171064.688,0.002419003038
2024-02-01,2024-02-01,346.729,121900.965,0.00284434992
2024-01-01,2024-01-01,1858.511,171064.688,0.01086437547
2024-03-01,2024-03-01,647.018,109921.769,0.005886168007
2024-01-01,2024-03-01,934.059,171064.688,0.005460267756
2024-10-01,2024-10-01,891.997,84522.389,0.01055338131
2024-03-01,2024-07-01,655.449,109921.769,0.00596286801
2024-03-01,2024-03-01,601.47,109921.769,0.005471800586
2024-04-01,2024-04-01,143.32,91161.444,0.001572155878
2024-01-01,2024-01-01,1156.582,171064.688,0.006761079762
2024-12-01,2024-12-01,1229.524,80012.979,0.01536655697
2024-08-01,2024-08-01,508.292,70762.931,0.007183026379
2024-08-01,2024-08-01,1848.412,70762.931,0.02612119049
2024-08-01,2024-08-01,660.952,70762.931,0.009340370596
2024-04-01,2024-07-01,528.982,91161.444,0.005802694393
2024-02-01,2024-02-01,139.937,121900.965,0.001147956458
2024-09-01,2024-09-01,1255.05,60316.656,0.02080768536
2024-08-01,2024-08-01,434.88,70762.931,0.006145590549
2024-06-01,2024-11-01,3934.494,93064.954,0.04227685967
2024-07-01,2024-07-01,594.018,75991.062,0.00781694563
2024-09-01,2024-10-01,1313.473,60316.656,0.02177629012
2024-02-01,2024-02-01,1656.219,121900.965,0.01358659466
2024-07-01,2024-12-01,596.097,75991.062,0.00784430411
2024-01-01,2024-04-01,582.269,171064.688,0.003403794242
2024-09-01,2024-09-01,361.928,60316.656,0.006000465278
2024-03-01,2024-03-01,987.026,109921.769,0.008979349668
2024-01-01,2024-07-01,229.449,171064.688,0.001341299614
2024-03-01,2024-05-01,739.769,109921.769,0.006729959013
2024-10-01,2024-10-01,1470.391,84522.389,0.01739646758
2024-07-01,2024-11-01,1319.272,75991.062,0.01736088384
2024-04-01,2024-04-01,404.156,91161.444,0.00443340937
2024-01-01,2024-06-01,507.565,171064.688,0.002967093945
2024-12-01,2024-12-01,673.568,80012.979,0.008418234247
2024-05-01,2024-05-01,572.918,79862.687,0.00717378818
2024-07-01,2024-07-01,513.532,75991.062,0.006757794752
2024-09-01,2024-09-01,279.487,60316.656,0.004633662052
2024-02-01,2024-10-01,539.69,121900.965,0.004427282426
2024-01-01,2024-11-01,3212.735,171064.688,0.01878081934
2024-01-01,2024-01-01,222.694,171064.688,0.001301811628
2024-08-01,2024-08-01,1320.681,70762.931,0.01866345813
2024-07-01,2024-07-01,24.934,75991.062,0.0003281175357
2024-08-01,2024-08-01,2731.488,70762.931,0.03860054921
2024-06-01,2024-06-01,327.479,93064.954,0.003518821919
2024-01-01,2024-04-01,453.736,171064.688,0.002652423509
2024-11-01,2024-11-01,314.878,67846.533,0.004641033021
2024-06-01,2024-06-01,1127.8,93064.954,0.01211841785
2024-06-01,2024-11-01,691.722,93064.954,0.00743267976
2024-02-01,2024-10-01,1150.805,121900.965,0.009440491304
2024-10-01,2024-10-01,1612.088,84522.389,0.01907291097
2024-01-01,2024-01-01,20.772,171064.688,0.000121427749
2024-01-01,2024-06-01,58.329,171064.688,0.0003409762744
2024-03-01,2024-04-01,27.243,109921.769,0.0002478398978
2024-07-01,2024-08-01,1037.985,75991.062,0.01365930377
2024-09-01,2024-09-01,51.429,60316.656,0.0008526500541
2024-04-01,2024-04-01,1171.708,91161.444,0.01285310926
2024-10-01,2024-10-01,1267.52,84522.389,0.0149962633
2024-02-01,2024-07-01,189.793,121900.965,0.001556944196
2024-01-01,2024-01-01,1125.113,171064.688,0.006577120113
2024-07-01,2024-07-01,622.076,75991.062,0.008186173263
2024-03-01,2024-03-01,1372.315,109921.769,0.01248446975
2024-02-01,2024-06-01,440.595,121900.965,0.003614368434
2024-04-01,2024-05-01,234.384,91161.444,0.002571086961
2024-02-01,2024-03-01,526.84,121900.965,0.004321868986
2024-02-01,2024-08-01,1057.507,121900.965,0.008675132309
2024-10-01,2024-10-01,54.76,84522.389,0.0006478756771
2024-04-01,2024-08-01,1200.952,91161.444,0.01317390277
2024-03-01,2024-08-01,2023.48,109921.769,0.01840836459
2024-04-01,2024-04-01,1241.993,91161.444,0.01362410407
2024-01-01,2024-03-01,172.82,171064.688,0.001010261101
2024-04-01,2024-04-01,104.456,91161.444,0.001145835294
2024-03-01,2024-03-01,130.72,109921.769,0.001189209391
2024-07-01,2024-08-01,57.576,75991.062,0.0007576680531
2024-01-01,2024-07-01,290.723,171064.688,0.001699491598
2024-05-01,2024-09-01,752.982,79862.687,0.009428458123
2024-06-01,2024-10-01,115.605,93064.954,0.001242196928
2024-01-01,2024-03-01,1162.592,171064.688,0.00679621267
2024-03-01,2024-08-01,792.594,109921.769,0.007210528062
2024-01-01,2024-03-01,730.423,171064.688,0.004269864275
2024-10-01,2024-11-01,1316.156,84522.389,0.0155716848
2024-11-01,2024-11-01,2023.277,67846.533,0.02982137643
2024-01-01,2024-01-01,15.99,171064.688,9.347341165e-05
2024-01-01,2024-01-01,1632.926,171064.688,0.009545663802
2024-12-01,2024-12-01,1516.901,80012.979,0.01895818677
2024-04-01,2024-06-01,1028.407,91161.444,0.0112811618
2024-04-01,2024-04-01,1248.725,91161.444,0.01369795108
2024-01-01,2024-07-01,917.04,171064.688,0.005360779076
2024-01-01,2024-05-01,251.266,171064.688,0.001468836163
2024-05-01,2024-06-01,1520.988,79862.687,0.01904503914
2024-01-01,2024-05-01,245.647,171064.688,0.00143598894
2024-03-01,2024-04-01,308.192,109921.769,0.002803739449
2024-03-01,2024-12-01,531.974,109921.769,0.00483956913
2024-03-01,2024-05-01,644.976,109921.769,0.005867591159
2024-01-01,2024-02-01,1454.024,171064.688,0.008499848899
2024-03-01,2024-03-01,3343.215,109921.769,0.03041449415
2024-05-01,2024-11-01,834.7,79862.687,0.01045168941
2024-02-01,2024-02-01,179.442,121900.965,0.001472031005
2024-04-01,2024-04-01,120.999,91161.444,0.001327304557
2024-06-01,2024-06-01,334.131,93064.954,0.003590298879
2024-12-01,2024-12-01,881.2,80012.979,0.01101321324
2024-03-01,2024-03-01,90.136,109921.769,0.0008200013593
2024-01-01,2024-11-01,213.634,171064.688,0.001248849207
2024-09-01,2024-09-01,795.938,60316.656,0.01319599018
2024-02-01,2024-11-01,1548.836,121900.965,0.01270569105
2024-05-01,2024-05-01,322.672,79862.687,0.004040334881
2024-04-01,2024-04-01,848.761,91161.444,0.00931052606
2024-01-01,2024-01-01,2087.528,171064.688,0.01220314972
2024-08-01,2024-10-01,986.191,70762.931,0.01393654822
2024-08-01,2024-09-01,1083.694,70762.931,0.01531443066
2024-04-01,2024-05-01,973.228,91161.444,0.01067587301
2024-02-01,2024-11-01,212.2,121900.965,0.001740757343
2024-01-01,2024-07-01,2.691,171064.688,1.573089123e-05
2024-06-01,2024-09-01,439.602,93064.954,0.004723604118
2024-01-01,2024-02-01,353.818,171064.688,0.002068328678
2024-01-01,2024-01-01,890.528,171064.688,0.005205796769
2024-09-01,2024-09-01,724.443,60316.656,0.01201066253
2024-06-01,2024-06-01,217.679,93064.954,0.00233900078
2024-01-01,2024-01-01,522.782,171064.688,0.003056048598
2024-01-01,2024-01-01,1938.186,171064.688,0.01133013495
2024-04-01,2024-04-01,438.893,91161.444,0.004814458621
2024-03-01,2024-03-01,649.613,109921.769,0.005909775706
2024-01-01,2024-05-01,1417.348,171064.688,0.008285450472
2024-04-01,2024-07-01,210.525,91161.444,0.002309364472
2024-10-01,2024-10-01,124.59,84522.389,0.001474047308
2024-03-01,2024-08-01,265.3,109921.769,0.002413534666
2024-02-01,2024-12-01,2651.453,121900.965,0.02175087785
2024-01-01,2024-07-01,1632.256,171064.688,0.009541747155
2024-04-01,2024-12-01,788.173,91161.444,0.008645902976
2024-03-01,2024-05-01,396.4,109921.769,0.003606201061
2024-08-01,2024-09-01,3014.366,70762.931,0.04259809419
2024-01-01,2024-08-01,1004.882,171064.688,0.005874280728
2024-06-01,2024-06-01,1863.813,93064.954,0.02002701253
2024-01-01,2024-01-01,1105.266,171064.688,0.006461099675
2024-04-01,2024-04-01,1118.079,91161.444,0.01226482327
2024-01-01,2024-01-01,656.055,171064.688,0.003835128148
2024-06-01,2024-06-01,247.94,93064.954,0.002664160775
2024-01-01,2024-08-01,727.262,171064.688,0.004251385885
2024-02-01,2024-04-01,154.514,121900.965,0.001267537136
2024-05-01,2024-06-01,14.019,79862.687,0.000175538797
2024-04-01,2024-04-01,192.906,91161.444,0.002116091974
2024-01-01,2024-01-01,364.44,171064.688,0.002130422148
2024-08-01,2024-08-01,368.256,70762.931,0.005204080651
2024-05-01,2024-05-01,222.169,79862.687,0.002781887366
2024-03-01,2024-03-01,1889.236,109921.769,0.01718709603
2024-03-01,2024-03-01,575.08,109921.769,0.005231720752
2024-01-01,2024-09-01,81.915,171064.688,0.0004788539409
2024-05-01,2024-05-01,586.992,79862.687,0.007350015659
2024-01-01,2024-04-01,59.067,171064.688,0.0003452904319
2024-08-01,2024-10-01,1091.022,70762.931,0.0154179877
2024-01-01,2024-02-01,666.328,171064.688,0.003895181453
2024-01-01,2024-08-01,949.248,171064.688,0.005549058728
