CUSTOMER_ID,TOTAL_TRANSACTIONS,TOTAL_REVENUE,AVG_ORDER_VALUE,LAST_PURCHASE_DATE,FIRST_PURCHASE_DATE,RECENCY
14135,37,1423.263,38.466567568,2024-11-07,2024-01-17,398
17027,16,920.994,57.562125,2024-01-11,2024-01-11,699
12383,31,2003.317,64.623129032,2024-09-23,2024-07-13,443
13069,68,2935.199,43.164691176,2024-12-28,2024-05-13,347
13004,37,2624,70.918918919,2024-10-11,2024-06-24,425
13081,121,7399.532,61.153157025,2024-10-02,2024-01-08,434
14217,18,585.216,32.512,2024-09-12,2024-02-08,454
13767,49,2987.699,60.97344898,2024-08-16,2024-01-06,481
15723,22,1546.461,70.293681818,2024-04-26,2024-04-26,593
14911,256,21048.825,82.221972656,2024-12-21,2024-01-28,354
15464,69,5356.414,77.629188406,2024-07-25,2024-07-24,503
14472,30,3200.656,106.688533333,2024-08-08,2024-01-07,489
15570,77,8971.655,116.515,2024-06-29,2024-01-09,529
16655,17,823.85,48.461764706,2024-08-22,2024-08-22,475
17954,38,3115.862,81.996368421,2024-06-02,2024-03-09,556
17890,54,3081.862,57.071518519,2024-05-19,2024-02-10,570
17841,299,23392.856,78.236976589,2024-12-14,2024-01-06,361
14549,26,2565.072,98.656615385,2024-08-12,2024-08-12,485
12668,34,1901.485,55.926029412,2024-11-30,2024-06-30,375
14606,309,28606.526,92.577754045,2024-12-31,2024-01-03,344
15039,162,10627.957,65.60467284,2024-10-13,2024-05-03,423
12501,66,3750.858,56.831181818,2024-11-20,2024-02-08,385
16725,67,4544.302,67.825402985,2024-12-26,2024-07-19,349
16497,18,1264.147,70.230388889,2024-10-27,2024-08-15,409
13093,80,5365.038,67.062975,2024-12-12,2024-06-13,363
15034,52,3086.986,59.365115385,2024-11-07,2024-07-25,398
13050,42,3493.099,83.16902381,2024-12-27,2024-03-27,348
13680,51,2942.528,57.696627451,2024-07-27,2024-02-08,501
13468,39,4499.976,115.384,2024-12-12,2024-01-13,363
17223,20,1352.387,67.61935,2024-12-14,2024-03-15,361
15460,24,2816.376,117.349,2024-11-07,2024-10-07,398
12681,106,6913.265,65.219481132,2024-09-22,2024-03-12,444
13102,40,3523.437,88.085925,2024-12-24,2024-02-10,351
13764,24,1255.58,52.315833333,2024-07-30,2024-07-29,498
15046,20,2059.465,102.97325,2024-12-12,2024-07-24,363
17191,29,2638.39,90.978965517,2024-03-16,2024-03-15,634
12557,9,195.294,21.699333333,2024-08-17,2024-02-02,480
14701,29,4308.488,148.568551724,2024-09-11,2024-09-11,455
12427,11,759.036,69.003272727,2024-07-14,2024-01-02,514
15443,24,1213.735,50.572291667,2024-08-10,2024-08-10,487
17337,131,14919.099,113.886251908,2024-12-15,2024-12-14,360
17850,133,13835.975,104.029887218,2024-04-01,2024-01-01,618
15311,266,25323.641,95.201657895,2024-12-19,2024-02-01,356
12682,58,5664.38,97.661724138,2024-11-12,2024-04-18,393
13869,39,7566.355,194.009102564,2024-11-27,2024-06-28,378
17463,42,4085.634,97.277,2024-11-26,2024-11-26,379
17017,36,2524.464,70.124,2024-04-19,2024-01-06,600
12481,24,7005.612,291.9005,2024-12-04,2024-02-08,371
17406,66,3017.911,45.725924242,2024-08-16,2024-03-28,481
16923,57,6089.85,106.839473684,2024-11-22,2024-03-05,383
17950,19,3282.058,172.739894737,2024-04-19,2024-04-19,600
17059,57,3521.848,61.786807018,2024-02-18,2024-02-17,661
13969,27,1616.472,59.869333333,2024-04-21,2024-04-10,598
13715,58,3230.308,55.694965517,2024-08-05,2024-01-17,492
14735,20,1846.93,92.3465,2024-12-14,2024-06-20,361
17243,28,2792.466,99.730928571,2024-10-02,2024-02-05,434
12523,7,400.214,57.173428571,2024-08-22,2024-08-22,475
16233,1,139.3,139.3,2024-02-06,2024-02-06,673
14587,61,3501.591,57.403131148,2024-08-23,2024-07-12,474
17811,61,5209.53,85.402131148,2024-11-12,2024-08-14,393
17827,53,2079.48,39.235471698,2024-04-26,2024-04-24,593
17889,6,809.531,134.921833333,2024-05-10,2024-05-10,579
12621,14,770.216,55.015428571,2024-12-04,2024-06-27,371
14696,16,1508.196,94.26225,2024-09-15,2024-01-13,451
17602,46,4286.42,93.183043478,2024-09-25,2024-09-25,441
18202,11,1441.71,131.064545455,2024-08-12,2024-08-12,485
14657,41,2970.106,72.441609756,2024-09-13,2024-09-13,453
13798,50,4681.291,93.62582,2024-11-10,2024-01-05,395
12754,15,1476.559,98.437266667,2024-12-21,2024-12-21,354
13694,52,2155.068,41.443615385,2024-12-20,2024-05-01,355
13240,6,156.401,26.066833333,2024-04-14,2024-04-14,605
15555,48,2675.879,55.747479167,2024-05-15,2024-02-28,574
14037,17,859.726,50.572117647,2024-04-27,2024-04-27,592
14466,10,930.887,93.0887,2024-12-21,2024-01-23,354
17580,23,2224.1,96.7,2024-11-30,2024-06-20,375
16719,30,2264.057,75.468566667,2024-07-21,2024-06-03,507
14307,39,2764.764,70.891384615,2024-09-23,2024-04-01,443
14565,22,364.152,16.552363636,2024-05-16,2024-05-16,573
14769,34,2720.736,80.021647059,2024-12-07,2024-06-26,368
14594,17,2999.352,176.432470588,2024-11-01,2024-10-01,404
17346,16,786.792,49.1745,2024-11-01,2024-05-06,404
16771,50,4583.692,91.67384,2024-12-13,2024-07-24,362
15856,24,2196.19,91.507916667,2024-07-15,2024-04-16,513
17303,21,426.134,20.292095238,2024-05-16,2024-05-16,573
14952,7,338.923,48.417571429,2024-04-29,2024-03-29,590
17114,16,970.732,60.67075,2024-08-08,2024-08-08,489
13089,188,12710.798,67.61062766,2024-12-06,2024-01-12,369
15271,21,1229.497,58.54747619,2024-07-26,2024-04-17,502
15919,24,1523.088,63.462,2024-06-03,2024-06-03,555
18219,10,399.746,39.9746,2024-05-26,2024-04-03,563
15358,57,4227.722,74.170561404,2024-11-04,2024-03-12,401
12393,11,1226.398,111.490727273,2024-08-31,2024-08-17,466
12868,21,1382.861,65.85052381,2024-12-11,2024-08-25,364
15033,28,919.44,32.837142857,2024-01-09,2024-01-09,701
13208,8,649.626,81.20325,2024-12-20,2024-12-20,355
13634,17,634.727,37.336882353,2024-06-09,2024-06-09,549
14085,92,5094.619,55.376293478,2024-12-18,2024-05-16,357
16735,27,1412.466,52.313555556,2024-10-08,2024-09-08,428
14051,19,960.416,50.548210526,2024-11-21,2024-01-06,384
15808,89,7731.008,86.865258427,2024-12-30,2024-02-22,345
13963,19,2488.121,130.953736842,2024-12-26,2024-03-19,349
17277,24,2941.565,122.565208333,2024-03-10,2024-03-10,640
17146,8,932.581,116.572625,2024-06-15,2024-06-15,543
18118,123,6752.839,54.901130081,2024-09-16,2024-02-15,450
16686,39,3309.981,84.871307692,2024-04-07,2024-03-07,612
12665,4,65.736,16.434,2024-09-19,2024-09-19,447
16315,7,88.68,12.668571429,2024-08-27,2024-08-27,470
17511,112,7781.468,69.477392857,2024-10-12,2024-03-01,424
15415,27,3801.99,140.814444444,2024-11-25,2024-11-24,380
12377,34,3454.442,101.601235294,2024-11-21,2024-05-07,384
12370,40,1744.104,43.6026,2024-06-25,2024-05-26,533
17230,30,2317.547,77.251566667,2024-12-12,2024-05-06,363
17742,4,244.48,61.12,2024-08-17,2024-08-17,480
17920,56,5406.65,96.547321429,2024-11-21,2024-03-18,384
17690,36,2328.159,64.671083333,2024-11-09,2024-01-14,396
15021,33,1585.576,48.047757576,2024-03-30,2024-03-29,620
17341,79,4759.467,60.246417722,2024-03-04,2024-02-04,646
18041,74,6081.499,82.182418919,2024-12-13,2024-01-19,362
14448,12,458.866,38.238833333,2024-02-05,2024-02-05,674
14040,34,2970.994,87.382176471,2024-11-22,2024-08-11,383
13564,39,3255.602,83.476974359,2024-11-07,2024-03-19,398
14810,29,1859.086,64.106413793,2024-12-28,2024-02-15,347
16893,29,1860.174,64.143931034,2024-03-30,2024-03-29,620
16395,29,2929.74,101.025517241,2024-09-26,2024-08-28,440
14680,47,2634.12,56.045106383,2024-10-22,2024-02-02,414
16202,11,405.098,36.827090909,2024-05-22,2024-05-22,567
18071,8,108.39,13.54875,2024-12-04,2024-12-04,371
17555,28,1786.174,63.791928571,2024-09-08,2024-09-08,458
17368,24,1017.903,42.412625,2024-10-27,2024-07-27,409
14572,25,1730.994,69.23976,2024-09-26,2024-09-26,440
16558,26,964.502,37.096230769,2024-12-10,2024-03-29,365
14449,29,2342.132,80.763172414,2024-01-25,2024-01-24,685
14713,42,3545.859,84.425214286,2024-09-30,2024-04-21,436
16945,6,150.65,25.108333333,2024-06-22,2024-06-22,536
16270,27,2318.449,85.868481481,2024-12-07,2024-12-07,368
16493,6,24.932,4.155333333,2024-08-30,2024-08-30,467
15894,15,1691.216,112.747733333,2024-02-26,2024-02-25,653
17284,76,2413.695,31.759144737,2024-05-08,2024-04-08,581
12672,6,69.826,11.637666667,2024-08-30,2024-08-30,467
17400,20,608.246,30.4123,2024-07-13,2024-07-13,515
15296,28,2037.916,72.782714286,2024-10-09,2024-09-09,427
16378,4,438.816,109.704,2024-12-12,2024-12-12,363
16782,53,4912.962,92.697396226,2024-12-04,2024-05-06,371
16905,6,592.336,98.722666667,2024-01-02,2024-01-02,708
14800,80,4158.618,51.982725,2024-08-08,2024-02-05,489
13280,33,2804.56,84.986666667,2024-11-15,2024-01-08,390
13263,15,392.874,26.1916,2024-09-18,2024-09-18,448
14321,15,1631.26,108.750666667,2024-08-14,2024-08-14,483
16767,27,3014.798,111.659185185,2024-10-11,2024-10-11,425
17673,28,4835.72,172.704285714,2024-11-10,2024-10-10,395
12348,11,412.805,37.527727273,2024-10-19,2024-06-22,417
16222,71,4585.959,64.590971831,2024-10-26,2024-10-25,410
14329,33,896.548,27.168121212,2024-02-09,2024-01-09,670
17685,23,1494.929,64.996913043,2024-12-27,2024-01-09,348
13627,6,542.998,90.499666667,2024-06-25,2024-06-25,533
13049,7,97.902,13.986,2024-10-27,2024-10-27,409
16367,19,782.736,41.196631579,2024-06-05,2024-06-05,553
17609,57,2518.1,44.177192982,2024-07-09,2024-07-09,519
17888,10,384.768,38.4768,2024-10-31,2024-10-31,405
13370,28,1930.157,68.934178571,2024-08-04,2024-01-02,493
12472,71,5557.931,78.28071831,2024-11-01,2024-02-27,404
17618,21,830.92,39.567619048,2024-11-05,2024-11-05,400
14006,5,468.849,93.7698,2024-02-12,2024-02-12,667
14099,29,2801.347,96.598172414,2024-06-07,2024-04-09,551
15456,12,442.242,36.8535,2024-11-06,2024-11-06,399
15078,30,1250.525,41.684166667,2024-10-16,2024-02-06,420
13581,6,271.213,45.202166667,2024-12-19,2024-12-19,356
14850,11,304.036,27.639636364,2024-06-12,2024-06-12,546
16775,16,1595.53,99.720625,2024-08-29,2024-03-24,468
14625,18,758.548,42.141555556,2024-05-19,2024-01-30,570
18055,43,2558.598,59.50227907,2024-11-02,2024-03-19,403
13319,42,2222.311,52.912166667,2024-12-07,2024-07-17,368
17377,32,1685.701,52.67815625,2024-12-04,2024-06-01,371
14733,66,3757.666,56.934333333,2024-08-21,2024-03-11,476
14395,32,989.314,30.9160625,2024-11-08,2024-01-30,397
14210,19,1326.09,69.794210526,2024-07-18,2024-04-02,510
15601,87,5624.919,64.654241379,2024-11-14,2024-01-18,391
16550,22,1614.928,73.405818182,2024-03-14,2024-03-14,636
16241,24,1582.012,65.917166667,2024-12-02,2024-02-13,373
17231,38,2640.799,69.494710526,2024-09-26,2024-05-16,440
15858,20,1278.117,63.90585,2024-03-23,2024-03-23,627
17913,21,691.63,32.934761905,2024-06-30,2024-06-30,528
13506,12,1010.579,84.214916667,2024-11-11,2024-02-12,394
17338,52,2397.278,46.1015,2024-08-24,2024-05-15,473
15498,91,5448.965,59.878736264,2024-10-14,2024-03-31,422
14083,40,2726.749,68.168725,2024-10-07,2024-03-02,429
16210,22,1485.378,67.517181818,2024-12-15,2024-05-03,360
17062,39,3281.638,84.144564103,2024-11-22,2024-02-15,383
13649,8,212.951,26.618875,2024-07-04,2024-07-04,524
13137,26,3373.304,129.742461538,2024-12-22,2024-12-22,353
13615,10,571.638,57.1638,2024-10-18,2024-10-18,418
15298,19,1576.945,82.997105263,2024-07-26,2024-06-04,502
12744,21,3699.635,176.173095238,2024-10-24,2024-10-23,412
14180,41,10708.305,261.178170732,2024-12-05,2024-01-23,370
15002,34,1575.356,46.334,2024-07-20,2024-03-21,508
15379,67,4445.636,66.352776119,2024-09-28,2024-06-16,438
17722,44,3080.087,70.001977273,2024-09-22,2024-01-04,444
14505,95,4839.719,50.944410526,2024-12-05,2024-07-31,370
17591,55,2579.238,46.895236364,2024-10-13,2024-03-24,423
14496,17,269.57,15.857058824,2024-04-12,2024-01-13,607
16499,4,211.986,52.9965,2024-05-30,2024-04-24,559
17619,47,2544.457,54.137382979,2024-01-12,2024-01-12,698
12705,14,799.686,57.120428571,2024-06-28,2024-06-28,530
17961,39,1631.95,41.844871795,2024-12-07,2024-01-31,368
17858,18,2151.104,119.505777778,2024-10-10,2024-02-22,426
13138,6,125.063,20.843833333,2024-01-25,2024-01-25,685
18250,14,1342.671,95.905071429,2024-12-13,2024-12-13,362
14068,13,1213.829,93.371461538,2024-11-10,2024-11-10,395
17372,39,3012.2,77.235897436,2024-06-05,2024-03-11,553
14653,16,1288.773,80.5483125,2024-07-23,2024-07-23,505
14779,23,4384.228,190.618608696,2024-09-27,2024-03-10,439
17515,15,1473.88,98.258666667,2024-10-26,2024-10-26,410
17449,35,2446.434,69.898114286,2024-05-06,2024-04-06,583
13048,21,1625.175,77.389285714,2024-06-09,2024-06-09,549
12935,16,412.481,25.7800625,2024-10-16,2024-10-16,420
15881,15,1794.55,119.636666667,2024-05-13,2024-03-12,576
16515,17,833.382,49.022470588,2024-07-12,2024-07-12,516
15789,14,768.178,54.869857143,2024-06-19,2024-06-19,539
18065,9,511.883,56.875888889,2024-04-29,2024-04-28,590
12417,15,633.268,42.217866667,2024-10-18,2024-01-08,418
16293,8,286.345,35.793125,2024-03-24,2024-03-24,626
17629,11,939.783,85.434818182,2024-03-06,2024-03-06,644
13854,16,1416.078,88.504875,2024-12-04,2024-06-24,371
16525,20,1100.485,55.02425,2024-12-29,2024-03-29,346
15547,48,3033.57,63.199375,2024-11-19,2024-08-05,386
12731,23,4778.642,207.767043478,2024-11-27,2024-04-24,378
14062,23,2381.044,103.523652174,2024-10-07,2024-02-05,429
14298,127,7607.84,59.904251969,2024-10-19,2024-03-08,417
17507,24,2378.344,99.097666667,2024-12-20,2024-12-19,355
14415,57,4668.885,81.910263158,2024-09-18,2024-05-30,448
12748,404,42371.004,104.878722772,2024-10-04,2024-01-03,432
18077,36,2507.492,69.652555556,2024-10-19,2024-03-27,417
16442,26,1999.371,76.898884615,2024-05-23,2024-05-22,566
17402,8,1014.52,126.815,2024-02-28,2024-02-28,651
12916,23,2600.592,113.069217391,2024-06-10,2024-05-10,548
14497,15,1352.979,90.1986,2024-12-19,2024-12-19,356
17897,37,2413.975,65.242567568,2024-06-01,2024-03-26,557
15373,17,1870.845,110.049705882,2024-10-30,2024-03-06,406
17340,73,3600.028,49.315452055,2024-11-07,2024-07-04,398
13742,45,3132.839,69.618644444,2024-10-10,2024-10-10,426
13862,13,1491.19,114.706923077,2024-08-21,2024-08-21,476
14702,55,4409.73,80.176909091,2024-11-16,2024-01-08,389
14709,25,1053.314,42.13256,2024-09-11,2024-06-18,455
15923,8,641.416,80.177,2024-01-21,2024-01-21,689
16218,15,2140.281,142.6854,2024-04-01,2024-03-01,618
12356,18,796.109,44.228277778,2024-09-15,2024-09-15,451
14401,8,847.57,105.94625,2024-11-21,2024-02-06,384
15024,28,1855.323,66.261535714,2024-03-22,2024-03-22,628
15023,64,2982.205,46.596953125,2024-09-18,2024-02-24,448
14524,14,371.706,26.550428571,2024-05-23,2024-05-23,566
15620,22,619.17,28.144090909,2024-06-19,2024-06-19,539
14667,90,14205.449,157.838322222,2024-12-09,2024-03-13,366
15194,54,11962.597,221.529574074,2024-08-18,2024-02-08,479
15880,52,6190.93,119.056346154,2024-02-23,2024-02-21,656
12386,8,205.315,25.664375,2024-07-28,2024-03-27,500
17708,16,1194.849,74.6780625,2024-09-20,2024-09-20,446
16713,54,4447.992,82.370222222,2024-07-07,2024-03-29,521
15356,58,3994.101,68.863810345,2024-05-23,2024-03-14,566
14646,139,9101.206,65.476302158,2024-12-07,2024-01-09,368
15646,11,697.246,63.386,2024-01-29,2024-01-29,681
13198,39,2919.064,74.847794872,2024-12-05,2024-10-24,370
17799,60,4174.907,69.581783333,2024-10-14,2024-04-10,422
16814,36,2558.748,71.076333333,2024-12-16,2024-02-14,359
15574,78,4999.285,64.093397436,2024-06-16,2024-01-27,542
15525,24,2753.033,114.709708333,2024-09-01,2024-09-01,465
17392,30,2500.876,83.362533333,2024-12-28,2024-06-22,347
15032,14,935.863,66.847357143,2024-04-04,2024-04-04,615
15549,36,4295.184,119.310666667,2024-11-22,2024-11-13,383
13769,16,1466.509,91.6568125,2024-12-09,2024-03-22,366
13911,10,878.139,87.8139,2024-12-27,2024-12-26,348
15312,12,328.911,27.40925,2024-07-07,2024-06-07,521
12600,11,320.501,29.136454545,2024-12-16,2024-04-02,359
13178,18,787.47,43.748333333,2024-05-25,2024-05-25,564
16470,18,904.976,50.276444444,2024-06-14,2024-06-14,544
15882,13,1108.002,85.230923077,2024-12-03,2024-03-13,372
13148,68,8493.103,124.898573529,2024-12-07,2024-04-29,368
14541,35,6440.15,184.004285714,2024-11-14,2024-10-16,391
15660,5,481.736,96.3472,2024-11-04,2024-11-04,401
16779,32,1625.344,50.792,2024-08-05,2024-01-12,492
16029,15,2309.062,153.937466667,2024-12-26,2024-01-30,349
15061,79,8055.954,101.974101266,2024-10-27,2024-01-26,409
16883,8,928.364,116.0455,2024-01-02,2024-01-02,708
15171,3,22.32,7.44,2024-08-25,2024-08-25,472
17530,29,2277.342,78.529034483,2024-04-22,2024-04-21,597
13451,24,733.508,30.562833333,2024-11-08,2024-11-08,397
15628,9,1053.973,117.108111111,2024-03-27,2024-03-27,623
18161,9,231.974,25.774888889,2024-10-13,2024-10-13,423
12451,49,3684.117,75.186061224,2024-09-19,2024-09-19,447
13013,32,1910.278,59.6961875,2024-03-02,2024-03-02,648
17611,107,7583.882,70.877401869,2024-09-24,2024-05-17,442
14107,8,495.004,61.8755,2024-07-07,2024-04-30,521
17220,37,3058.528,82.662918919,2024-11-28,2024-01-05,377
17596,30,2040.353,68.011766667,2024-08-03,2024-08-03,494
16891,34,2989.959,87.939970588,2024-02-02,2024-02-02,677
13305,8,540.939,67.617375,2024-01-20,2024-01-20,690
16156,11,757.207,68.837,2024-12-12,2024-12-12,363
17236,19,1365.276,71.856631579,2024-10-23,2024-05-05,413
18125,44,6380.76,145.017272727,2024-12-11,2024-11-13,364
15044,53,3157.3,59.571698113,2024-10-05,2024-06-30,431
13124,29,1603.819,55.304103448,2024-10-06,2024-09-06,430
16714,45,4977.792,110.6176,2024-01-11,2024-01-11,699
12826,23,2493.744,108.423652174,2024-09-22,2024-04-19,444
16143,9,1151.866,127.985111111,2024-07-07,2024-01-03,521
13269,12,717.838,59.819833333,2024-05-18,2024-02-14,571
12842,11,1779.722,161.792909091,2024-12-23,2024-12-23,352
14092,33,1416.48,42.923636364,2024-07-13,2024-04-10,515
17238,38,3542.064,93.212210526,2024-08-02,2024-04-10,495
18179,22,962.039,43.729045455,2024-12-09,2024-04-08,366
17404,24,1873.869,78.077875,2024-11-17,2024-05-30,388
18245,23,2453.968,106.69426087,2024-11-28,2024-04-07,377
12483,4,131.082,32.7705,2024-07-18,2024-07-18,510
13094,3,188.576,62.858666667,2024-04-03,2024-04-03,616
13077,6,339.383,56.563833333,2024-07-04,2024-07-04,524
14290,12,1030.064,85.838666667,2024-12-11,2024-12-05,364
15983,31,2307.583,74.43816129,2024-12-04,2024-05-01,371
15189,3,297.752,99.250666667,2024-08-18,2024-08-18,479
18116,71,4489.727,63.235591549,2024-07-16,2024-04-27,512
12583,19,1383.532,72.817473684,2024-02-08,2024-01-01,671
12766,50,1814.615,36.2923,2024-11-08,2024-05-04,397
18256,2,28.78,14.39,2024-05-07,2024-05-07,582
13473,10,186.872,18.6872,2024-08-16,2024-08-16,481
16244,36,2733.791,75.938638889,2024-01-20,2024-01-19,690
13174,125,9949.188,79.593504,2024-11-13,2024-02-03,392
13523,11,660.484,60.044,2024-06-04,2024-06-04,554
16206,12,727.562,60.630166667,2024-05-09,2024-05-09,580
16919,31,2100.159,67.747064516,2024-10-03,2024-05-31,433
13394,11,587.1,53.372727273,2024-12-16,2024-12-16,359
14829,14,1709.373,122.098071429,2024-12-06,2024-01-28,369
13531,7,2151.837,307.405285714,2024-07-04,2024-07-04,524
17315,41,2670.127,65.12504878,2024-12-26,2024-06-26,349
17912,20,871.996,43.5998,2024-12-13,2024-02-06,362
16567,15,1326.116,88.407733333,2024-01-08,2024-01-08,702
15005,80,4625.595,57.8199375,2024-12-13,2024-06-04,362
12480,19,165.666,8.719263158,2024-06-08,2024-06-08,550
14133,8,902.372,112.7965,2024-11-17,2024-11-17,388
15727,54,3072.411,56.8965,2024-11-06,2024-08-25,399
13408,40,3478.565,86.964125,2024-12-10,2024-01-31,365
17381,6,834.826,139.137666667,2024-12-22,2024-04-03,353
17097,33,2119.41,64.224545455,2024-09-23,2024-04-18,443
14708,10,918.988,91.8988,2024-07-03,2024-05-24,525
14049,51,3813.808,74.78054902,2024-10-29,2024-10-28,407
15332,22,1637.122,74.414636364,2024-06-04,2024-02-15,554
14573,36,2967.754,82.437611111,2024-01-31,2024-01-31,679
16456,33,3408.787,103.296575758,2024-12-28,2024-11-01,347
16931,72,5316.904,73.845888889,2024-07-10,2024-02-13,518
16353,4,216.78,54.195,2024-08-22,2024-08-07,475
17929,1,106.316,106.316,2024-12-21,2024-12-21,354
16477,27,1635.843,60.586777778,2024-11-10,2024-04-02,395
16402,21,1419.842,67.61152381,2024-02-24,2024-02-23,655
17975,51,4398.74,86.249803922,2024-12-12,2024-03-29,363
12921,31,2558.702,82.538774194,2024-12-01,2024-03-27,374
12867,26,1124.542,43.251615385,2024-02-06,2024-01-06,673
16684,26,1545.834,59.455153846,2024-12-17,2024-06-21,358
15738,27,1308.68,48.46962963,2024-11-28,2024-01-22,377
14156,42,3848.561,91.632404762,2024-12-18,2024-01-30,357
17838,17,1638.527,96.383941176,2024-04-20,2024-01-27,599
16065,35,3058.243,87.378371429,2024-04-15,2024-04-14,604
17085,34,2430.075,71.472794118,2024-08-05,2024-06-07,492
13782,15,1186.294,79.086266667,2024-05-09,2024-05-09,580
15605,5,908.982,181.7964,2024-10-01,2024-10-01,435
16710,46,1848.748,40.190173913,2024-05-31,2024-03-13,558
14978,35,2187.328,62.495085714,2024-10-31,2024-08-27,405
12997,11,310.66,28.241818182,2024-11-21,2024-03-11,384
14665,5,61.356,12.2712,2024-11-12,2024-11-12,393
12683,43,6834.848,158.949953488,2024-12-04,2024-04-13,371
12753,30,1103.768,36.792266667,2024-05-05,2024-01-08,584
18004,19,1734.72,91.301052632,2024-10-05,2024-09-05,431
15513,25,1490.171,59.60684,2024-11-04,2024-03-01,401
16757,3,217.973,72.657666667,2024-10-20,2024-10-20,416
15329,4,99.171,24.79275,2024-04-19,2024-04-19,600
12350,9,694.793,77.199222222,2024-12-14,2024-12-14,361
16523,18,1371.742,76.207888889,2024-11-18,2024-11-17,387
12838,30,1455.651,48.5217,2024-05-01,2024-05-01,588
15235,35,2751.31,78.608857143,2024-12-19,2024-02-28,356
17035,14,1072.618,76.615571429,2024-07-12,2024-06-12,516
13488,71,4452.382,62.709605634,2024-12-20,2024-03-21,355
12957,13,335.517,25.809,2024-07-17,2024-07-17,511
16745,28,2055.686,73.417357143,2024-12-30,2024-06-12,345
17118,5,713.89,142.778,2024-10-30,2024-10-30,406
17365,41,1773.35,43.252439024,2024-08-18,2024-08-18,479
18145,19,1149.638,60.507263158,2024-11-28,2024-11-28,377
12474,21,3313.893,157.804428571,2024-10-31,2024-01-11,405
14159,22,567.765,25.8075,2024-04-05,2024-04-05,614
12643,1,35.2,35.2,2024-08-18,2024-08-18,479
12708,13,1236.353,95.104076923,2024-08-30,2024-04-03,467
15346,9,525.306,58.367333333,2024-08-17,2024-08-17,480
16422,21,1483.792,70.656761905,2024-10-29,2024-01-03,407
17259,34,1506.977,44.322852941,2024-11-03,2024-10-03,402
14081,35,2059.674,58.847828571,2024-02-03,2024-02-03,676
14088,45,5041.111,112.024688889,2024-03-10,2024-03-10,640
17019,43,3420.02,79.535348837,2024-12-03,2024-08-27,372
13838,28,3125.752,111.634,2024-11-02,2024-10-02,403
15708,51,4492.425,88.086764706,2024-11-25,2024-02-13,380
15052,14,1263.685,90.263214286,2024-10-17,2024-10-17,419
12637,38,1921.836,50.574631579,2024-09-26,2024-05-11,440
17375,24,2063.743,85.989291667,2024-05-19,2024-03-12,570
14082,16,1056.957,66.0598125,2024-04-25,2024-04-25,594
17314,14,1649.158,117.797,2024-11-27,2024-04-12,378
17044,2,26.683,13.3415,2024-12-06,2024-12-06,369
16122,11,311.333,28.303,2024-08-17,2024-03-29,480
16327,45,3347.61,74.391333333,2024-11-17,2024-02-19,388
13502,6,103.698,17.283,2024-09-26,2024-09-26,440
17621,9,1195.874,132.874888889,2024-11-29,2024-08-07,376
16904,33,2946.537,89.289,2024-09-21,2024-03-22,445
15996,17,296.506,17.441529412,2024-09-04,2024-09-04,462
12433,67,4953.349,73.93058209,2024-10-04,2024-09-01,432
13871,11,1335.469,121.406272727,2024-12-20,2024-12-20,355
16030,9,719.339,79.926555556,2024-12-16,2024-12-16,359
13725,17,2011.587,118.328647059,2024-12-23,2024-12-22,352
13092,4,77.329,19.33225,2024-07-06,2024-07-06,522
12395,16,620.921,38.8075625,2024-09-02,2024-06-28,464
13520,16,1491.944,93.2465,2024-09-22,2024-01-02,444
13754,5,849.18,169.836,2024-03-11,2024-03-11,639
12510,9,523.338,58.148666667,2024-09-18,2024-09-18,448
15224,15,239.1,15.94,2024-08-05,2024-04-05,492
12567,75,4954.697,66.062626667,2024-12-21,2024-02-14,354
14684,19,1306.058,68.739894737,2024-08-05,2024-08-05,492
12591,11,2114.68,192.243636364,2024-02-11,2024-02-11,668
16252,8,191.973,23.996625,2024-10-04,2024-09-04,432
17884,46,3568.228,77.570173913,2024-05-12,2024-02-02,577
17967,26,2559.713,98.4505,2024-01-02,2024-01-02,708
12841,46,4331.405,94.160978261,2024-11-27,2024-01-02,378
15759,6,61.803,10.3005,2024-06-20,2024-06-20,538
16928,2,383.778,191.889,2024-03-10,2024-01-13,640
12484,54,2106.874,39.016185185,2024-04-08,2024-04-08,611
16274,38,3545.411,93.300289474,2024-01-13,2024-01-13,697
15827,12,930.497,77.541416667,2024-11-27,2024-01-22,378
17007,4,299.24,74.81,2024-06-27,2024-06-27,531
14189,30,2195.713,73.190433333,2024-10-26,2024-06-03,410
14669,50,2307.062,46.14124,2024-08-19,2024-08-18,478
17211,33,1920.502,58.197030303,2024-12-07,2024-02-20,368
15167,25,1051.03,42.0412,2024-08-10,2024-07-10,487
15454,11,529.718,48.156181818,2024-10-05,2024-10-05,431
18229,9,786.722,87.413555556,2024-08-30,2024-01-15,467
14737,6,84.624,14.104,2024-12-07,2024-12-07,368
15687,17,1149.541,67.620058824,2024-08-29,2024-07-12,468
14525,9,572.521,63.613444444,2024-11-09,2024-05-21,396
12388,7,288.15,41.164285714,2024-08-09,2024-08-09,488
15299,4,329.913,82.47825,2024-01-29,2024-01-29,681
17671,13,343.057,26.389,2024-04-18,2024-04-18,601
15213,11,307.764,27.978545455,2024-10-22,2024-08-31,414
18016,20,1158.518,57.9259,2024-11-21,2024-02-05,384
14901,31,2645.788,85.348,2024-05-24,2024-01-18,565
14440,20,2062.348,103.1174,2024-06-11,2024-04-14,547
15532,27,2520.295,93.344259259,2024-06-21,2024-06-20,537
14673,8,834.235,104.279375,2024-03-21,2024-03-21,629
15965,7,647.018,92.431142857,2024-03-22,2024-03-22,628
16875,13,1310.363,100.797153846,2024-08-17,2024-07-16,480
16549,16,891.997,55.7498125,2024-10-08,2024-10-08,428
17095,10,55.62,5.562,2024-07-08,2024-07-08,520
12779,21,1156.936,55.092190476,2024-12-24,2024-04-02,351
15090,13,1229.524,94.578769231,2024-12-26,2024-12-25,349
12725,12,3111.402,259.2835,2024-09-02,2024-08-02,464
18283,50,3079.964,61.59928,2024-10-10,2024-07-29,426
18106,20,1848.412,92.4206,2024-08-31,2024-08-31,466
14229,5,660.952,132.1904,2024-08-14,2024-08-14,483
13047,20,1168.112,58.4056,2024-12-18,2024-01-01,357
14776,13,1413.542,108.734,2024-11-29,2024-11-29,376
12652,24,1394.924,58.121833333,2024-08-25,2024-08-24,472
12415,21,1594.882,75.946761905,2024-08-13,2024-07-26,484
17071,10,889.647,88.9647,2024-12-15,2024-12-15,360
13656,14,594.018,42.429857143,2024-07-31,2024-07-31,497
17809,7,404.156,57.736571429,2024-04-02,2024-04-02,617
13221,14,513.532,36.680857143,2024-07-06,2024-07-06,522
12515,3,24.934,8.311333333,2024-07-13,2024-07-13,515
16271,9,327.479,36.386555556,2024-06-20,2024-06-20,538
12726,13,1284.038,98.772153846,2024-11-17,2024-06-27,388
13693,5,51.429,10.2858,2024-09-18,2024-09-18,448
14044,19,2783.235,146.486052632,2024-12-17,2024-12-16,358
16409,21,1836.686,87.461238095,2024-03-11,2024-02-11,639
17706,12,756.738,63.0615,2024-03-29,2024-03-29,621
12872,37,1850.33,50.008918919,2024-07-09,2024-04-18,519
15867,76,4944.495,65.059144737,2024-10-07,2024-02-26,429
16612,12,1609.767,134.14725,2024-05-12,2024-05-12,577
14744,10,1060.008,106.0008,2024-12-10,2024-03-28,365
17496,4,61.429,15.35725,2024-12-06,2024-12-06,369
15713,5,525.993,105.1986,2024-07-04,2024-07-04,524
17655,8,135.02,16.8775,2024-10-04,2024-06-20,432
14130,27,2687.374,99.53237037,2024-10-17,2024-10-17,419
18168,22,1210.422,55.019181818,2024-05-06,2024-01-30,583
15615,25,2042.707,81.70828,2024-12-06,2024-08-30,369
16722,15,701.719,46.781266667,2024-12-03,2024-07-04,372
12347,35,7379.644,210.846971429,2024-03-24,2024-01-11,626
17105,15,1514.623,100.974866667,2024-12-30,2024-12-30,345
13107,12,778.818,64.9015,2024-08-14,2024-04-09,483
13324,5,953.7,190.74,2024-11-27,2024-05-21,378
14976,8,619.196,77.3995,2024-08-09,2024-08-09,488
18178,14,334.737,23.909785714,2024-12-19,2024-04-28,356
13874,9,334.131,37.125666667,2024-06-22,2024-06-22,536
14368,4,881.2,220.3,2024-12-10,2024-12-10,365
13941,4,392.811,98.20275,2024-01-17,2024-01-17,693
16899,8,322.672,40.334,2024-05-30,2024-05-30,559
16618,17,1977.915,116.347941176,2024-03-10,2024-02-10,640
17819,6,111.654,18.609,2024-08-05,2024-06-02,492
17454,5,438.893,87.7786,2024-04-06,2024-04-06,613
15180,2,137.99,68.995,2024-03-24,2024-03-24,626
16110,55,5417.262,98.495672727,2024-09-12,2024-08-12,454
17769,15,1863.813,124.2542,2024-06-10,2024-06-10,548
17691,7,236.188,33.741142857,2024-06-21,2024-05-03,537
14479,5,192.906,38.5812,2024-04-14,2024-04-14,605
17855,5,364.44,72.888,2024-01-17,2024-01-17,693
12734,3,46.224,15.408,2024-07-13,2024-07-13,515
16086,7,575.08,82.154285714,2024-03-22,2024-03-22,628
12712,25,1152.648,46.10592,2024-12-21,2024-04-12,354
15777,6,38.816,6.469333333,2024-10-28,2024-05-21,408
17869,12,420.351,35.02925,2024-03-19,2024-03-19,631
13165,7,414.675,59.239285714,2024-07-14,2024-07-14,514
14390,15,1269.189,84.6126,2024-01-20,2024-01-20,690
17068,27,1257.097,46.559148148,2024-11-29,2024-03-14,376
12727,10,706.326,70.6326,2024-11-10,2024-11-10,395
12839,17,817.788,48.105176471,2024-06-29,2024-03-25,529
16326,23,890.115,38.700652174,2024-11-22,2024-08-08,383
13313,9,100.987,11.220777778,2024-07-16,2024-07-16,512
12782,28,2042.833,72.958321429,2024-10-28,2024-06-26,408
12559,10,925.096,92.5096,2024-12-10,2024-11-12,365
12980,5,975.5,195.1,2024-08-23,2024-06-14,474
14312,18,1145.298,63.627666667,2024-12-12,2024-07-31,363
15544,13,1028.483,79.114076923,2024-01-22,2024-01-22,688
16385,9,226.248,25.138666667,2024-04-04,2024-03-04,615
13652,6,83.258,13.876333333,2024-04-03,2024-04-03,616
16140,4,432.382,108.0955,2024-07-02,2024-07-02,526
17334,5,640.017,128.0034,2024-12-20,2024-12-20,355
12971,17,866.71,50.982941176,2024-12-19,2024-01-29,356
17082,10,125.654,12.5654,2024-10-27,2024-10-26,409
12951,19,432.517,22.764052632,2024-12-10,2024-08-26,365
15326,14,831.188,59.370571429,2024-08-14,2024-08-14,483
14396,16,2048.336,128.021,2024-08-02,2024-08-02,495
14739,8,275.051,34.381375,2024-07-23,2024-03-24,505
18136,7,875.392,125.056,2024-10-14,2024-10-14,422
17251,19,833.724,43.880210526,2024-03-05,2024-03-05,645
16705,33,1386.204,42.006181818,2024-08-12,2024-06-07,485
16907,19,1773.337,93.333526316,2024-04-20,2024-04-20,599
17677,15,1199.974,79.998266667,2024-10-23,2024-04-03,413
14258,18,812.826,45.157,2024-07-27,2024-07-27,501
17239,6,1107.702,184.617,2024-11-27,2024-07-13,378
16726,11,249.562,22.687454545,2024-05-16,2024-05-16,573
16125,7,668.351,95.478714286,2024-03-26,2024-03-26,624
15749,4,445.7,111.425,2024-08-19,2024-08-19,478
15384,8,664.884,83.1105,2024-05-06,2024-05-06,583
14047,10,165.045,16.5045,2024-01-17,2024-01-17,693
17075,8,155.886,19.48575,2024-10-31,2024-10-31,405
14643,6,419.01,69.835,2024-12-07,2024-06-22,368
13890,6,402.849,67.1415,2024-06-13,2024-03-11,545
13034,5,181.112,36.2224,2024-02-28,2024-02-28,651
17517,5,437.801,87.5602,2024-12-22,2024-12-22,353
17634,31,745.508,24.048645161,2024-07-28,2024-07-28,500
17287,9,732.99,81.443333333,2024-03-21,2024-01-21,629
17951,4,414.419,103.60475,2024-08-07,2024-07-01,490
16556,10,1197.762,119.7762,2024-05-30,2024-05-30,559
15606,9,358.399,39.822111111,2024-09-22,2024-09-22,444
16255,24,1562.195,65.091458333,2024-07-17,2024-04-18,511
17214,12,794.549,66.212416667,2024-12-19,2024-11-06,356
14896,14,806.767,57.626214286,2024-04-14,2024-04-13,605
16282,5,389.36,77.872,2024-07-17,2024-07-17,511
17001,15,471.133,31.408866667,2024-10-17,2024-06-13,419
12775,10,871.593,87.1593,2024-12-18,2024-08-12,357
16817,8,689.478,86.18475,2024-04-19,2024-02-06,600
17988,5,776.501,155.3002,2024-11-09,2024-10-09,396
13246,15,837.216,55.8144,2024-08-28,2024-08-28,469
18097,7,801.875,114.553571429,2024-10-07,2024-07-16,429
15211,15,561.079,37.405266667,2024-04-20,2024-04-20,599
14057,23,1359.726,59.118521739,2024-05-31,2024-05-25,558
15262,6,961.293,160.2155,2024-09-27,2024-09-27,439
15081,5,292.289,58.4578,2024-03-26,2024-03-26,624
16455,14,625.084,44.648857143,2024-09-02,2024-05-21,464
14309,7,73.215,10.459285714,2024-12-15,2024-06-17,360
13859,13,1120.714,86.208769231,2024-09-14,2024-09-13,452
17786,9,1151.072,127.896888889,2024-02-11,2024-02-11,668
15240,8,1049.677,131.209625,2024-04-12,2024-01-31,607
16812,7,704.614,100.659142857,2024-05-26,2024-05-26,563
12530,3,210.2,70.066666667,2024-02-08,2024-02-08,671
12763,9,573.409,63.712111111,2024-02-03,2024-01-03,676
17048,7,376.844,53.834857143,2024-08-25,2024-05-10,472
17371,4,709.78,177.445,2024-05-19,2024-05-19,570
15279,16,1331.399,83.2124375,2024-06-07,2024-04-19,551
12956,8,826.876,103.3595,2024-12-31,2024-12-31,344
12735,17,1588.394,93.434941176,2024-11-20,2024-07-29,385
14889,6,293.69,48.948333333,2024-06-08,2024-06-08,550
12601,6,274.838,45.806333333,2024-08-17,2024-08-17,480
16954,5,212.023,42.4046,2024-03-06,2024-03-06,644
15079,15,2164.476,144.2984,2024-11-20,2024-11-04,385
14778,8,953.885,119.235625,2024-12-21,2024-12-21,354
14205,10,815.917,81.5917,2024-04-17,2024-04-17,602
16748,5,484.851,96.9702,2024-12-19,2024-10-08,356
15110,4,1032.84,258.21,2024-10-20,2024-10-20,416
16112,5,600.632,120.1264,2024-08-16,2024-07-20,481
16473,5,177.216,35.4432,2024-02-08,2024-02-08,671
14320,13,812.716,62.516615385,2024-08-16,2024-01-10,481
17033,4,205.079,51.26975,2024-07-06,2024-07-06,522
15602,8,327.964,40.9955,2024-11-30,2024-01-12,375
12489,4,21.744,5.436,2024-03-08,2024-03-08,642
17446,1,14.273,14.273,2024-12-13,2024-12-13,362
15062,4,112.889,28.22225,2024-11-06,2024-11-06,399
17470,4,769.3,192.325,2024-03-19,2024-03-19,631
17491,5,89.396,17.8792,2024-09-15,2024-03-21,451
12686,4,437.406,109.3515,2024-01-31,2024-01-31,679
13000,3,336.791,112.263666667,2024-04-24,2024-04-24,595
16943,6,623.16,103.86,2024-10-26,2024-10-26,410
15221,3,87.334,29.111333333,2024-02-17,2024-02-17,662
14821,1,83.3,83.3,2024-03-27,2024-03-27,623
15649,1,79,79,2024-03-19,2024-03-19,631
14618,3,271.181,90.393666667,2024-07-27,2024-07-04,501
18277,1,298,298,2024-10-23,2024-10-23,413
16992,1,29.673,29.673,2024-12-14,2024-12-14,361
17181,1,307.42,307.42,2024-07-01,2024-07-01,527
12791,1,110.493,110.493,2024-03-01,2024-03-01,649
12693,2,669.6,334.8,2024-10-14,2024-10-14,422
17091,27,872.244,32.305333333,2024-09-20,2024-03-19,446
14761,5,763.642,152.7284,2024-09-08,2024-09-08,458
13728,4,225.829,56.45725,2024-12-12,2024-12-12,363
14729,34,2840.872,83.555058824,2024-08-01,2024-07-01,496
13078,29,1947.24,67.146206897,2024-10-11,2024-02-06,425
12947,16,1928.063,120.5039375,2024-01-15,2024-01-08,695
14514,13,595.324,45.794153846,2024-08-25,2024-08-25,472
15157,22,829.803,37.718318182,2024-06-18,2024-06-18,540
13230,41,3264.865,79.630853659,2024-12-20,2024-04-21,355
17863,25,830.444,33.21776,2024-11-12,2024-02-23,393
17771,15,1251.324,83.4216,2024-09-28,2024-09-28,438
14224,23,1983.427,86.235956522,2024-10-10,2024-09-10,426
13267,27,9199.146,340.709111111,2024-08-23,2024-03-27,474
15365,8,1130.39,141.29875,2024-11-20,2024-11-20,385
17812,20,720.862,36.0431,2024-03-18,2024-03-17,632
18069,47,2526.202,53.748978723,2024-06-09,2024-06-09,549
12471,59,4731.558,80.195898305,2024-12-16,2024-04-22,359
15694,11,1530.57,139.142727273,2024-11-04,2024-01-16,401
14233,9,1135.945,126.216111111,2024-11-12,2024-10-31,393
12662,20,1365.959,68.29795,2024-12-19,2024-09-01,356
13496,13,561.493,43.191769231,2024-06-21,2024-03-06,537
14527,100,5360.469,53.60469,2024-11-29,2024-02-23,376
16948,5,541.825,108.365,2024-09-15,2024-09-15,451
14659,26,2526.898,97.188384615,2024-11-19,2024-11-19,386
16186,11,283.58,25.78,2024-01-25,2024-01-25,685
13385,20,1106.006,55.3003,2024-08-30,2024-08-30,467
15535,17,1970.6,115.917647059,2024-05-09,2024-05-09,580
15998,56,3135.475,55.990625,2024-09-05,2024-09-05,461
17739,9,478.99,53.221111111,2024-08-16,2024-05-31,481
12626,30,1949.657,64.988566667,2024-11-11,2024-02-10,394
17450,35,836.81,23.908857143,2024-08-17,2024-08-16,480
16520,36,4412.768,122.576888889,2024-04-16,2024-04-15,603
14462,30,3691.09,123.036333333,2024-12-25,2024-12-25,350
16059,30,1250.937,41.6979,2024-06-09,2024-03-20,549
16983,6,301.922,50.320333333,2024-11-10,2024-02-17,395
16033,77,3680.97,47.804805195,2024-10-02,2024-05-30,434
14270,12,341.67,28.4725,2024-08-22,2024-08-22,475
14146,31,4669.618,150.63283871,2024-11-16,2024-06-28,389
14723,52,3071.634,59.069884615,2024-06-23,2024-06-02,535
17861,5,739.58,147.916,2024-10-13,2024-10-13,423
13494,10,588.275,58.8275,2024-06-12,2024-06-12,546
15028,4,306.233,76.55825,2024-10-03,2024-10-03,433
15426,51,2918.006,57.215803922,2024-02-25,2024-02-24,654
17306,4,84.59,21.1475,2024-04-10,2024-03-11,609
13881,11,834.723,75.883909091,2024-04-12,2024-04-12,607
12738,5,909.918,181.9836,2024-01-30,2024-01-30,680
17999,22,2262.226,102.828454545,2024-07-04,2024-07-04,524
12540,29,1661.822,57.304206897,2024-12-05,2024-08-18,370
13183,8,591.474,73.93425,2024-07-08,2024-07-08,520
15290,9,279.111,31.012333333,2024-11-06,2024-08-26,399
17431,19,2357.722,124.090631579,2024-11-25,2024-11-25,380
14775,9,762.608,84.734222222,2024-01-29,2024-01-29,681
13982,30,1900.205,63.340166667,2024-11-09,2024-04-17,396
16770,30,3951.068,131.702266667,2024-11-24,2024-01-27,381
13705,7,485.314,69.330571429,2024-03-01,2024-03-01,649
14544,34,2076.458,61.072294118,2024-05-15,2024-05-15,574
16010,16,2076.916,129.80725,2024-07-05,2024-07-05,523
15673,23,579.978,25.216434783,2024-07-09,2024-07-09,519
17908,23,1261.508,54.848173913,2024-04-01,2024-04-01,618
17504,15,549.662,36.644133333,2024-01-10,2024-01-10,700
17293,16,1152.811,72.0506875,2024-12-27,2024-05-18,348
14410,3,261.86,87.286666667,2024-12-31,2024-12-31,344
17968,46,4087.976,88.869043478,2024-06-01,2024-06-01,557
15640,57,5456.342,95.725298246,2024-08-17,2024-01-27,480
13668,27,1525.673,56.506407407,2024-12-19,2024-07-08,356
14805,10,1016.936,101.6936,2024-11-22,2024-11-22,383
15174,9,602.546,66.949555556,2024-09-30,2024-09-30,436
17757,52,2945.358,56.6415,2024-11-14,2024-01-30,391
17548,2,399.448,199.724,2024-03-01,2024-03-01,649
16011,21,3141.13,149.577619048,2024-10-04,2024-08-05,432
15502,21,1744.402,83.066761905,2024-03-16,2024-01-03,634
15107,10,364.307,36.4307,2024-12-06,2024-01-06,369
12647,29,1813.754,62.543241379,2024-09-06,2024-02-25,460
13999,15,1424.818,94.987866667,2024-05-14,2024-03-10,575
16016,36,3056.798,84.911055556,2024-03-31,2024-01-04,619
16926,5,104.456,20.8912,2024-04-02,2024-04-02,617
15246,7,111.223,15.889,2024-06-13,2024-06-13,545
14443,21,770.667,36.698428571,2024-12-14,2024-01-29,361
13304,12,433.881,36.15675,2024-07-15,2024-07-15,513
16019,14,304.326,21.737571429,2024-04-28,2024-02-08,591
15048,11,542.364,49.305818182,2024-07-03,2024-07-03,525
13317,5,492.417,98.4834,2024-06-13,2024-06-13,545
14030,6,994.501,165.750166667,2024-09-04,2024-09-04,462
12944,6,327.591,54.5985,2024-06-07,2024-06-07,551
14127,7,238.067,34.009571429,2024-12-12,2024-12-12,363
12577,29,1477.747,50.956793103,2024-12-06,2024-12-06,369
17364,24,931.356,38.8065,2024-09-30,2024-08-25,436
15301,13,1072.533,82.502538462,2024-07-03,2024-07-03,525
17674,4,37.962,9.4905,2024-04-03,2024-04-03,616
15363,11,737.669,67.060818182,2024-01-22,2024-01-22,688
13983,18,1279.808,71.100444444,2024-12-09,2024-03-28,366
16235,5,267.675,53.535,2024-08-21,2024-04-09,476
17644,2,24.462,12.231,2024-05-10,2024-05-10,579
14662,11,1542.238,140.203454545,2024-11-15,2024-11-15,390
13922,3,11.655,3.885,2024-07-14,2024-07-14,514
14491,2,184.203,92.1015,2024-01-21,2024-01-20,689
12877,12,1038.818,86.568166667,2024-08-31,2024-06-15,466
12854,17,1628.546,95.796823529,2024-10-24,2024-10-24,412
16203,5,1044.238,208.8476,2024-01-26,2024-01-26,684
16401,2,16.756,8.378,2024-05-09,2024-05-09,580
15854,14,1260.864,90.061714286,2024-08-12,2024-04-09,485
13873,2,118.867,59.4335,2024-12-15,2024-12-15,360
16717,8,847.586,105.94825,2024-12-13,2024-10-04,362
18062,1,9.567,9.567,2024-07-26,2024-07-26,502
15192,5,47.737,9.5474,2024-04-19,2024-04-19,600
14221,6,263.212,43.868666667,2024-07-19,2024-07-19,509
16607,3,403.739,134.579666667,2024-06-13,2024-06-13,545
13880,3,354.2,118.066666667,2024-03-23,2024-03-23,627
16042,2,178.2,89.1,2024-04-19,2024-04-19,600
15719,88,6772.712,76.962636364,2024-12-18,2024-07-27,357
16081,11,1224.028,111.275272727,2024-03-29,2024-03-29,621
17551,22,1148.844,52.220181818,2024-09-06,2024-09-06,460
16727,18,2381.14,132.285555556,2024-04-30,2024-04-30,589
13458,47,1640.25,34.89893617,2024-08-22,2024-06-06,475
15448,17,2681.24,157.72,2024-11-27,2024-11-27,378
17213,17,1291.731,75.984176471,2024-11-11,2024-04-04,394
13495,21,847.024,40.33447619,2024-05-06,2024-03-17,583
17069,16,1367.494,85.468375,2024-07-14,2024-01-15,514
12539,81,7115.7,87.848148148,2024-12-08,2024-07-11,367
15012,28,2446.859,87.387821429,2024-09-01,2024-08-01,465
14404,21,1029.44,49.020952381,2024-06-09,2024-02-03,549
17820,5,404.449,80.8898,2024-12-06,2024-12-06,369
16805,27,1425.3,52.788888889,2024-05-31,2024-05-31,558
17800,4,56.734,14.1835,2024-10-08,2024-10-08,428
14341,8,406.057,50.757125,2024-10-26,2024-10-26,410
16043,13,893.102,68.700153846,2024-10-28,2024-10-28,408
17218,56,3565.667,63.672625,2024-11-08,2024-03-17,397
12423,11,629.827,57.257,2024-12-07,2024-12-07,368
17659,7,419.907,59.986714286,2024-01-29,2024-01-29,681
15596,25,1258.649,50.34596,2024-12-09,2024-04-20,366
15898,31,2104.136,67.875354839,2024-05-03,2024-03-22,586
12808,3,246.155,82.051666667,2024-04-03,2024-04-03,616
14985,27,2372.349,87.864777778,2024-06-24,2024-06-23,534
13777,26,3023.202,116.277,2024-12-13,2024-01-14,362
18156,25,1189.028,47.56112,2024-02-17,2024-02-17,662
15716,20,958.231,47.91155,2024-02-17,2024-02-16,662
14419,12,618.043,51.503583333,2024-04-25,2024-04-24,594
16985,21,2581.677,122.937,2024-11-23,2024-06-13,382
13173,13,2027.23,155.940769231,2024-03-23,2024-03-23,627
17796,44,4254.908,96.702454545,2024-11-23,2024-02-16,382
15626,10,372.224,37.2224,2024-08-30,2024-08-30,467
15339,25,3546.822,141.87288,2024-10-23,2024-10-23,413
12502,20,2786.511,139.32555,2024-12-16,2024-12-16,359
16221,9,399.457,44.384111111,2024-03-21,2024-03-21,629
14032,19,1245.19,65.536315789,2024-07-14,2024-03-29,514
13487,10,370.109,37.0109,2024-12-07,2024-12-07,368
15503,29,1750.476,60.361241379,2024-03-05,2024-03-05,645
16161,60,6542.911,109.048516667,2024-10-12,2024-02-06,424
15281,27,1701.878,63.032518519,2024-08-16,2024-05-10,481
15485,24,1129.953,47.081375,2024-09-01,2024-07-08,465
14467,7,858.402,122.628857143,2024-11-29,2024-11-29,376
15563,15,869.788,57.985866667,2024-06-14,2024-06-14,544
12585,36,1974.753,54.85425,2024-07-24,2024-07-14,504
12870,1,22.176,22.176,2024-06-04,2024-06-04,554
15226,3,366.846,122.282,2024-12-12,2024-12-12,363
17894,50,3714.673,74.29346,2024-11-30,2024-05-22,375
15291,18,449.949,24.997166667,2024-08-25,2024-01-01,472
12625,34,3549.397,104.394029412,2024-12-16,2024-10-14,359
15529,39,3305.168,84.747897436,2024-09-27,2024-03-30,439
17865,16,1398.905,87.4315625,2024-06-28,2024-01-05,530
17569,9,508.292,56.476888889,2024-08-21,2024-08-20,476
17735,24,2457.513,102.396375,2024-10-30,2024-03-20,406
16638,9,182.364,20.262666667,2024-07-06,2024-02-09,522
14841,6,463.317,77.2195,2024-06-13,2024-06-13,545
17581,35,2530.205,72.291571429,2024-08-31,2024-01-25,466
17860,31,1255.05,40.485483871,2024-09-03,2024-09-03,463
17198,32,2868.805,89.65015625,2024-07-02,2024-04-16,526
14849,27,2890.023,107.037888889,2024-10-23,2024-03-11,413
16850,8,434.88,54.36,2024-08-14,2024-08-14,483
16048,5,461.457,92.2914,2024-01-13,2024-01-13,697
13959,10,644.948,64.4948,2024-10-05,2024-10-05,431
17862,7,361.928,51.704,2024-09-27,2024-09-27,439
12441,9,987.026,109.669555556,2024-03-29,2024-03-28,621
14813,15,1312.942,87.529466667,2024-02-14,2024-02-14,665
14796,61,4777.603,78.321360656,2024-12-10,2024-03-27,365
14257,13,1470.391,113.107,2024-10-19,2024-10-19,417
17188,17,1981.263,116.544882353,2024-11-20,2024-07-17,385
12464,3,673.568,224.522666667,2024-12-18,2024-12-18,357
13233,11,572.918,52.083454545,2024-05-08,2024-05-08,581
17418,5,279.487,55.8974,2024-09-27,2024-09-27,439
12429,8,884.211,110.526375,2024-04-13,2024-04-13,606
16553,10,2144.478,214.4478,2024-05-31,2024-05-31,558
15518,36,2306.872,64.079777778,2024-10-23,2024-08-19,413
14113,5,725.83,145.166,2024-10-18,2024-05-12,418
15910,22,2731.488,124.158545455,2024-08-11,2024-08-11,486
17428,21,624.299,29.72852381,2024-08-17,2024-01-08,480
17643,5,153.672,30.7344,2024-12-01,2024-12-01,374
15799,13,314.878,24.221384615,2024-11-08,2024-11-08,397
15394,12,1127.8,93.983333333,2024-06-16,2024-06-16,542
17412,9,722.585,80.287222222,2024-06-22,2024-01-28,536
13756,6,395.152,65.858666667,2024-06-13,2024-01-06,545
13599,13,535.184,41.168,2024-07-30,2024-03-27,498
14577,20,1171.708,58.5854,2024-04-05,2024-04-05,614
13168,37,1267.52,34.257297297,2024-10-26,2024-10-26,410
16898,16,622.076,38.87975,2024-07-03,2024-07-03,525
13534,24,1793.554,74.731416667,2024-11-14,2024-02-08,391
16873,28,900.196,32.149857143,2024-02-05,2024-02-05,674
18008,6,54.76,9.126666667,2024-10-22,2024-10-22,414
16938,8,715.52,89.44,2024-12-21,2024-12-20,354
15820,12,1303.546,108.628833333,2024-10-14,2024-10-13,422
14293,7,145.351,20.764428571,2024-04-03,2024-04-03,616
13819,10,1515.569,151.5569,2024-12-19,2024-12-10,356
15916,21,1412.436,67.258857143,2024-08-29,2024-03-04,468
13001,20,1321.898,66.0949,2024-11-09,2024-10-27,396
17180,26,2023.277,77.818346154,2024-11-16,2024-11-15,389
16013,1,15.99,15.99,2024-01-08,2024-01-08,702
15514,58,2456.822,42.359,2024-05-25,2024-01-05,564
17672,20,1516.901,75.84505,2024-12-18,2024-12-18,357
13097,29,1289.222,44.455931034,2024-07-26,2024-01-06,502
16918,15,1592.232,106.1488,2024-04-11,2024-03-11,608
17790,11,826.716,75.156,2024-06-25,2024-04-24,533
17329,7,534.67,76.381428571,2024-11-21,2024-11-21,384
15862,29,3343.215,115.283275862,2024-03-01,2024-03-01,649
12913,3,90.136,30.045333333,2024-03-18,2024-03-18,632
14442,18,2605.29,144.738333333,2024-05-11,2024-03-12,578
13310,13,795.938,61.226,2024-09-24,2024-09-23,442
16316,12,813.332,67.777666667,2024-06-19,2024-06-19,539
14256,15,848.761,56.584066667,2024-04-27,2024-04-27,592
12553,16,722.086,45.130375,2024-08-31,2024-08-30,466
17976,31,2087.528,67.339612903,2024-01-24,2024-01-24,686
12793,20,1844.476,92.2238,2024-09-08,2024-08-02,458
14748,22,531.141,24.142772727,2024-04-03,2024-04-03,616
15984,9,313.957,34.884111111,2024-07-22,2024-03-13,506
17126,31,2043.828,65.929935484,2024-05-05,2024-04-05,584
16124,7,240.912,34.416,2024-11-14,2024-02-11,391
17730,8,467.146,58.39325,2024-12-09,2024-12-09,366
17235,4,890.528,222.632,2024-01-23,2024-01-23,687
14388,9,664.982,73.886888889,2024-09-04,2024-01-18,462
12609,9,255.775,28.419444444,2024-10-27,2024-10-27,409
18239,29,2686.05,92.622413793,2024-11-27,2024-01-30,378
17519,8,649.613,81.201625,2024-03-17,2024-03-17,633
14961,25,1926.148,77.04592,2024-05-24,2024-01-08,565
12468,3,124.59,41.53,2024-10-11,2024-10-11,425
14175,6,815.911,135.985166667,2024-08-31,2024-03-10,466
12797,12,258.617,21.551416667,2024-12-04,2024-02-06,371
14506,32,2720.108,85.003375,2024-02-27,2024-02-27,652
15111,7,1105.266,157.895142857,2024-01-20,2024-01-20,690
16265,20,1118.079,55.90395,2024-04-24,2024-04-24,595
17567,14,656.055,46.861071429,2024-01-26,2024-01-26,684
13993,16,368.256,23.016,2024-08-27,2024-08-27,470
13700,8,308.806,38.60075,2024-05-09,2024-05-09,580
15889,33,4502.06,136.426060606,2024-02-28,2024-02-28,651
12414,2,118.025,59.0125,2024-12-14,2024-12-13,361
14688,29,2985.991,102.965206897,2024-11-29,2024-01-01,376
17158,10,586.992,58.6992,2024-05-29,2024-05-28,560
13155,32,2319.874,72.4960625,2024-10-03,2024-08-09,433
14502,29,2125.476,73.292275862,2024-11-27,2024-11-26,378
14060,24,2712.712,113.029666667,2024-10-28,2024-01-21,408
13187,16,401.888,25.118,2024-01-08,2024-01-08,702
13008,6,523.293,87.2155,2024-09-28,2024-09-28,438
13199,11,1578.042,143.458363636,2024-12-13,2024-03-29,362
15967,17,1004.654,59.097294118,2024-10-20,2024-10-20,416
16791,26,1150.454,44.248230769,2024-08-21,2024-08-21,476
13225,7,195.84,27.977142857,2024-12-05,2024-07-26,370
16191,16,641.115,40.0696875,2024-10-24,2024-01-08,412
16676,12,387.754,32.312833333,2024-07-28,2024-07-28,500
15179,21,1480.354,70.493047619,2024-10-16,2024-10-15,420
16496,16,1935.88,120.9925,2024-05-11,2024-05-11,578
13569,14,698.749,49.910642857,2024-03-21,2024-03-21,629
17965,37,1822.568,49.258594595,2024-11-19,2024-02-03,386
17324,11,484.026,44.002363636,2024-08-22,2024-02-04,475
18223,29,1998.667,68.919551724,2024-09-09,2024-01-10,457
16701,12,368.518,30.709833333,2024-08-22,2024-05-14,475
12764,23,2392.836,104.036347826,2024-06-11,2024-06-11,547
15059,14,1344.383,96.027357143,2024-08-08,2024-06-10,489
17064,12,1546.031,128.835916667,2024-07-09,2024-07-09,519
15204,4,68.976,17.244,2024-06-27,2024-06-27,531
17849,6,617.744,102.957333333,2024-08-14,2024-08-14,483
14878,11,427.572,38.870181818,2024-06-15,2024-06-15,543
14755,16,1052.89,65.805625,2024-10-08,2024-10-08,428
16665,8,780.228,97.5285,2024-10-05,2024-10-05,431
13824,6,485.927,80.987833333,2024-12-13,2024-12-13,362
14413,11,1213.896,110.354181818,2024-09-05,2024-09-05,461
14770,13,620.126,47.702,2024-09-29,2024-09-28,437
17373,12,1028.312,85.692666667,2024-11-28,2024-11-28,377
13141,13,1166.032,89.694769231,2024-11-21,2024-11-20,384
12720,35,2819.451,80.555742857,2024-11-27,2024-01-03,378
18109,25,1134.091,45.36364,2024-12-02,2024-02-05,373
13328,7,470.79,67.255714286,2024-11-13,2024-11-13,392
12528,18,2390.07,132.781666667,2024-11-27,2024-11-27,378
17964,15,1830.335,122.022333333,2024-01-23,2024-01-23,687
16539,10,614.113,61.4113,2024-06-20,2024-01-13,538
12778,8,270.032,33.754,2024-01-12,2024-01-12,698
13817,6,68.544,11.424,2024-07-14,2024-07-14,514
17358,22,2101.457,95.520772727,2024-03-07,2024-02-07,643
16833,4,653.262,163.3155,2024-10-08,2024-10-08,428
14016,20,340.823,17.04115,2024-06-27,2024-06-27,531
17376,5,128.82,25.764,2024-09-12,2024-09-12,454
18074,4,393.849,98.46225,2024-02-01,2024-02-01,678
17128,4,144.452,36.113,2024-09-08,2024-09-08,458
16145,20,667.655,33.38275,2024-07-20,2024-02-06,508
14213,3,42.265,14.088333333,2024-01-31,2024-01-31,679
13815,26,2616.249,100.624961538,2024-10-22,2024-10-21,414
13707,14,1645.5,117.535714286,2024-11-20,2024-11-20,385
17917,11,798.19,72.562727273,2024-07-05,2024-06-05,523
15165,13,688.349,52.949923077,2024-11-01,2024-11-01,404
17760,5,542.727,108.5454,2024-01-13,2024-01-13,697
16885,16,2034.956,127.18475,2024-06-29,2024-06-29,529
16670,22,1168.122,53.096454545,2024-08-17,2024-06-13,480
18043,29,1760.483,60.706310345,2024-03-31,2024-03-31,619
17228,21,1786.247,85.059380952,2024-06-12,2024-01-27,546
15658,21,2589.732,123.320571429,2024-12-17,2024-01-18,358
17320,5,98.392,19.6784,2024-03-18,2024-03-18,632
14334,20,1136.933,56.84665,2024-10-13,2024-06-21,423
14355,6,775.125,129.1875,2024-04-13,2024-04-13,606
13158,12,2116.48,176.373333333,2024-10-18,2024-10-18,418
14913,5,75.202,15.0404,2024-09-06,2024-09-06,460
13090,6,950.881,158.480166667,2024-09-30,2024-01-16,436
13064,11,182.012,16.546545455,2024-06-09,2024-06-09,549
16912,11,715.204,65.018545455,2024-09-30,2024-09-30,436
14238,3,495.446,165.148666667,2024-12-09,2024-12-09,366
14639,14,1203.432,85.959428571,2024-05-17,2024-05-16,572
14867,7,112.255,16.036428571,2024-07-08,2024-06-03,520
13030,36,943.886,26.219055556,2024-03-15,2024-03-15,635
16570,9,906.537,100.726333333,2024-11-27,2024-04-12,378
18085,13,962.024,74.001846154,2024-08-29,2024-05-01,468
16916,25,1369.786,54.79144,2024-01-23,2024-01-23,687
15864,2,342.2,171.1,2024-11-15,2024-11-15,390
18061,6,544.601,90.766833333,2024-04-04,2024-01-10,615
13426,13,242.067,18.620538462,2024-07-06,2024-02-08,522
13842,33,1252.79,37.963333333,2024-12-19,2024-02-08,356
15569,5,124.52,24.904,2024-08-19,2024-08-19,478
15831,7,428.271,61.181571429,2024-09-24,2024-09-24,442
14916,8,678.406,84.80075,2024-09-24,2024-09-24,442
15696,19,1117.31,58.805789474,2024-11-11,2024-08-09,394
15641,12,789.597,65.79975,2024-09-06,2024-09-06,460
18198,15,1134.372,75.6248,2024-11-12,2024-04-08,393
17969,3,51.368,17.122666667,2024-05-19,2024-05-19,570
17880,13,1169.014,89.924153846,2024-04-24,2024-04-24,595
15527,17,892.62,52.507058824,2024-11-18,2024-09-07,387
18119,12,489.84,40.82,2024-03-21,2024-03-20,629
14741,8,194.097,24.262125,2024-05-14,2024-01-17,575
16835,5,421.584,84.3168,2024-01-16,2024-01-16,694
16600,5,713.799,142.7598,2024-07-21,2024-07-21,507
13939,5,594.783,118.9566,2024-06-12,2024-06-12,546
15038,16,962.444,60.15275,2024-12-02,2024-11-02,373
18176,14,1447.632,103.402285714,2024-12-07,2024-06-20,368
14167,7,258.71,36.958571429,2024-08-25,2024-08-25,472
16997,1,276.5,276.5,2024-09-15,2024-09-15,451
14692,13,1734.181,133.398538462,2024-04-10,2024-04-10,609
15955,7,997.661,142.523,2024-01-19,2024-01-19,691
17585,8,1210.194,151.27425,2024-07-24,2024-07-24,504
17857,3,427.8,142.6,2024-12-04,2024-06-20,371
17420,2,48.88,24.44,2024-02-01,2024-02-01,678
13898,6,204.025,34.004166667,2024-09-15,2024-09-15,451
15512,2,15.078,7.539,2024-06-06,2024-06-06,552
14533,5,986.904,197.3808,2024-07-13,2024-07-13,515
13126,18,774.819,43.0455,2024-07-19,2024-03-29,509
17732,14,1423.299,101.664214286,2024-01-17,2024-01-17,693
14426,24,1239.07,51.627916667,2024-11-27,2024-07-06,378
15266,5,617.66,123.532,2024-07-23,2024-07-23,505
16150,16,933.606,58.350375,2024-01-31,2024-01-31,679
18102,10,1103.917,110.3917,2024-03-27,2024-03-26,623
17604,14,1550.727,110.766214286,2024-02-12,2024-01-12,667
13397,6,508.022,84.670333333,2024-07-18,2024-07-18,510
16393,10,480.418,48.0418,2024-06-05,2024-02-23,553
15361,4,100.924,25.231,2024-12-05,2024-12-05,370
13491,22,1649.762,74.989181818,2024-12-12,2024-01-25,363
17189,22,1380.796,62.763454545,2024-12-06,2024-12-06,369
17552,5,390.407,78.0814,2024-01-31,2024-01-31,679
17676,15,901.084,60.072266667,2024-05-04,2024-05-04,585
17135,6,811.285,135.214166667,2024-01-31,2024-01-31,679
16752,7,536.643,76.663285714,2024-01-21,2024-01-21,689
16503,25,1801.479,72.05916,2024-08-28,2024-05-31,469
15164,9,274.712,30.523555556,2024-07-18,2024-07-18,510
16863,3,156.689,52.229666667,2024-03-27,2024-03-27,623
15144,13,2204.582,169.583230769,2024-11-29,2024-11-29,376
12691,10,275.054,27.5054,2024-10-17,2024-06-28,419
15750,9,1274.989,141.665444444,2024-03-28,2024-03-28,622
18226,12,628.712,52.392666667,2024-07-26,2024-07-26,502
12359,7,169.2,24.171428571,2024-08-23,2024-08-23,474
16949,1,99,99,2024-08-11,2024-08-11,486
14078,6,324.311,54.051833333,2024-09-01,2024-09-01,465
12963,4,295.08,73.77,2024-11-04,2024-10-04,401
12676,5,345.273,69.0546,2024-10-12,2024-10-12,424
16085,17,903.145,53.126176471,2024-06-10,2024-06-10,548
14161,13,681.744,52.441846154,2024-02-23,2024-02-23,656
12942,10,388.245,38.8245,2024-11-04,2024-11-04,401
13584,13,927.535,71.348846154,2024-12-29,2024-12-29,346
16098,10,635.084,63.5084,2024-02-01,2024-02-01,678
16250,6,569.126,94.854333333,2024-02-01,2024-02-01,678
12422,8,677.458,84.68225,2024-09-20,2024-09-19,446
17179,5,204.676,40.9352,2024-05-17,2024-05-17,572
17194,14,695.638,49.688428571,2024-05-25,2024-05-24,564
12721,8,896.733,112.091625,2024-06-07,2024-06-07,551
17226,7,395.592,56.513142857,2024-12-22,2024-12-22,353
13327,14,502.107,35.864785714,2024-04-19,2024-04-19,600
16658,3,181.283,60.427666667,2024-03-14,2024-03-14,636
16303,15,558.09,37.206,2024-08-15,2024-08-15,482
14534,10,1457.35,145.735,2024-10-22,2024-10-22,414
16419,12,692.436,57.703,2024-06-12,2024-06-12,546
16560,8,995.141,124.392625,2024-06-19,2024-06-19,539
15057,13,1412.402,108.646307692,2024-11-16,2024-11-16,389
