CUSTOMER_ID,TOTAL_TRANSACTIONS,TOTAL_REVENUE,AVG_ORDER_VALUE,LAST_PURCHASE_DATE,FIRST_PURCHASE_DATE,RECENCY,PERSONA
15144,13,2204.582,169.583230769,2024-11-29,2024-11-29,376,Champion
12725,12,3111.402,259.2835,2024-09-02,2024-08-02,464,Champion
18245,23,2453.968,106.69426087,2024-11-28,2024-04-07,377,Champion
14440,20,2062.348,103.1174,2024-06-11,2024-04-14,547,Champion
13531,7,2151.837,307.405285714,2024-07-04,2024-07-04,524,Champion
14194,18,1799.824,99.990222222,2024-12-27,2024-12-27,348,Champion
12591,11,2114.68,192.243636364,2024-02-11,2024-02-11,668,Champion
16011,21,3141.13,149.577619048,2024-10-04,2024-08-05,432,Champion
13725,17,2011.587,118.328647059,2024-12-23,2024-12-22,352,Champion
12826,23,2493.744,108.423652174,2024-09-22,2024-04-19,444,Champion
12474,21,3313.893,157.804428571,2024-10-31,2024-01-11,405,Champion
17769,15,1863.813,124.2542,2024-06-10,2024-06-10,548,Champion
15448,17,2681.24,157.72,2024-11-27,2024-11-27,378,Champion
15535,17,1970.6,115.917647059,2024-05-09,2024-05-09,580,Champion
17580,23,2224.1,96.7,2024-11-30,2024-06-20,375,Champion
15910,22,2731.488,124.158545455,2024-08-11,2024-08-11,486,Champion
14594,17,2999.352,176.432470588,2024-11-01,2024-10-01,404,Champion
16553,10,2144.478,214.4478,2024-05-31,2024-05-31,558,Champion
18106,20,1848.412,92.4206,2024-08-31,2024-08-31,466,Champion
14044,19,2783.235,146.486052632,2024-12-17,2024-12-16,358,Champion
15351,23,6766.502,294.19573913,2024-11-02,2024-02-14,403,Champion
16409,21,1836.686,87.461238095,2024-03-11,2024-02-11,639,Champion
16029,15,2309.062,153.937466667,2024-12-26,2024-01-30,349,Champion
16618,17,1977.915,116.347941176,2024-03-10,2024-02-10,640,Champion
13158,12,2116.48,176.373333333,2024-10-18,2024-10-18,418,Champion
15046,20,2059.465,102.97325,2024-12-12,2024-07-24,363,Champion
17964,15,1830.335,122.022333333,2024-01-23,2024-01-23,687,Champion
15658,21,2589.732,123.320571429,2024-12-17,2024-01-18,358,Champion
12528,18,2390.07,132.781666667,2024-11-27,2024-11-27,378,Champion
17228,21,1786.247,85.059380952,2024-06-12,2024-01-27,546,Champion
16010,16,2076.916,129.80725,2024-07-05,2024-07-05,523,Champion
16885,16,2034.956,127.18475,2024-06-29,2024-06-29,529,Champion
17358,22,2101.457,95.520772727,2024-03-07,2024-02-07,643,Champion
12916,23,2600.592,113.069217391,2024-06-10,2024-05-10,548,Champion
14442,18,2605.29,144.738333333,2024-05-11,2024-03-12,578,Champion
12744,21,3699.635,176.173095238,2024-10-24,2024-10-23,412,Champion
12793,20,1844.476,92.2238,2024-09-08,2024-08-02,458,Champion
14735,20,1846.93,92.3465,2024-12-14,2024-06-20,361,Champion
14779,23,4384.228,190.618608696,2024-09-27,2024-03-10,439,Champion
14396,16,2048.336,128.021,2024-08-02,2024-08-02,495,Champion
17950,19,3282.058,172.739894737,2024-04-19,2024-04-19,600,Champion
15881,15,1794.55,119.636666667,2024-05-13,2024-03-12,576,Champion
15845,3,1967.65,655.883333333,2024-01-08,2024-01-08,702,Champion
16727,18,2381.14,132.285555556,2024-04-30,2024-04-30,589,Champion
12731,23,4778.642,207.767043478,2024-11-27,2024-04-24,378,Champion
14062,23,2381.044,103.523652174,2024-10-07,2024-02-05,429,Champion
16496,16,1935.88,120.9925,2024-05-11,2024-05-11,578,Champion
17431,19,2357.722,124.090631579,2024-11-25,2024-11-25,380,Champion
12764,23,2392.836,104.036347826,2024-06-11,2024-06-11,547,Champion
17999,22,2262.226,102.828454545,2024-07-04,2024-07-04,524,Champion
15373,17,1870.845,110.049705882,2024-10-30,2024-03-06,406,Champion
16218,15,2140.281,142.6854,2024-04-01,2024-03-01,618,Champion
14224,23,1983.427,86.235956522,2024-10-10,2024-09-10,426,Champion
17576,20,2091.414,104.5707,2024-09-19,2024-04-20,447,Champion
14142,15,1902.314,126.820933333,2024-01-15,2024-01-15,695,Champion
13963,19,2488.121,130.953736842,2024-12-26,2024-03-19,349,Champion
15953,14,1953.316,139.522571429,2024-08-22,2024-01-03,475,Champion
12431,23,2404.642,104.549652174,2024-11-21,2024-02-01,384,Champion
12947,16,1928.063,120.5039375,2024-01-15,2024-01-08,695,Champion
17188,17,1981.263,116.544882353,2024-11-20,2024-07-17,385,Champion
15079,15,2164.476,144.2984,2024-11-20,2024-11-04,385,Champion
12502,20,2786.511,139.32555,2024-12-16,2024-12-16,359,Champion
17858,18,2151.104,119.505777778,2024-10-10,2024-02-22,426,Champion
13173,13,2027.23,155.940769231,2024-03-23,2024-03-23,627,Champion
16985,21,2581.677,122.937,2024-11-23,2024-06-13,382,Champion
13829,1,11.893,11.893,2024-12-06,2024-12-06,369,One-Timer
14206,1,298,298,2024-05-22,2024-05-22,567,One-Timer
16892,1,29.092,29.092,2024-09-28,2024-09-28,438,One-Timer
15945,1,18.99,18.99,2024-04-16,2024-04-16,603,One-Timer
17707,1,8.504,8.504,2024-04-08,2024-04-08,611,One-Timer
18062,1,9.567,9.567,2024-07-26,2024-07-26,502,One-Timer
16233,1,139.3,139.3,2024-02-06,2024-02-06,673,One-Timer
14679,1,138.339,138.339,2024-01-31,2024-01-31,679,One-Timer
18230,1,107.1,107.1,2024-04-18,2024-04-18,601,One-Timer
13270,1,71.1,71.1,2024-07-04,2024-07-04,524,One-Timer
17204,1,119,119,2024-06-07,2024-06-07,551,One-Timer
12931,1,1.673,1.673,2024-06-29,2024-06-29,529,One-Timer
16997,1,276.5,276.5,2024-09-15,2024-09-15,451,One-Timer
13238,1,63.2,63.2,2024-05-31,2024-05-31,558,One-Timer
14242,1,166.6,166.6,2024-09-14,2024-09-14,452,One-Timer
15587,1,69.12,69.12,2024-07-14,2024-07-14,514,One-Timer
18050,1,104.3,104.3,2024-09-06,2024-09-06,460,One-Timer
15611,1,46.5,46.5,2024-08-08,2024-08-08,489,One-Timer
16262,1,395,395,2024-05-24,2024-05-24,565,One-Timer
12870,1,22.176,22.176,2024-06-04,2024-06-04,554,One-Timer
17181,1,307.42,307.42,2024-07-01,2024-07-01,527,One-Timer
12666,1,13.293,13.293,2024-09-06,2024-09-06,460,One-Timer
15100,1,521.5,521.5,2024-06-19,2024-06-19,539,One-Timer
16716,1,34.244,34.244,2024-10-12,2024-10-12,424,One-Timer
15199,1,121.3,121.3,2024-12-26,2024-12-26,349,One-Timer
15482,1,79.5,79.5,2024-06-13,2024-06-13,545,One-Timer
13068,1,0.9,0.9,2024-11-10,2024-11-10,395,One-Timer
13027,1,23.022,23.022,2024-07-07,2024-07-07,521,One-Timer
12855,1,138.339,138.339,2024-01-17,2024-01-17,693,One-Timer
13104,1,107.1,107.1,2024-06-07,2024-06-07,551,One-Timer
16109,1,303.76,303.76,2024-12-24,2024-12-24,351,One-Timer
12791,1,110.493,110.493,2024-03-01,2024-03-01,649,One-Timer
18044,1,20.99,20.99,2024-05-25,2024-05-25,564,One-Timer
12908,1,79,79,2024-11-29,2024-11-29,376,One-Timer
15447,1,31.352,31.352,2024-08-27,2024-08-27,470,One-Timer
12643,1,35.2,35.2,2024-08-18,2024-08-18,479,One-Timer
16992,1,29.673,29.673,2024-12-14,2024-12-14,361,One-Timer
18277,1,298,298,2024-10-23,2024-10-23,413,One-Timer
15649,1,79,79,2024-03-19,2024-03-19,631,One-Timer
16062,1,13.99,13.99,2024-04-27,2024-04-27,592,One-Timer
14821,1,83.3,83.3,2024-03-27,2024-03-27,623,One-Timer
17446,1,14.273,14.273,2024-12-13,2024-12-13,362,One-Timer
16949,1,99,99,2024-08-11,2024-08-11,486,One-Timer
14264,1,10.206,10.206,2024-01-30,2024-01-30,680,One-Timer
15973,1,5.033,5.033,2024-03-29,2024-03-29,621,One-Timer
13831,1,298,298,2024-02-16,2024-02-16,663,One-Timer
14842,1,11.2,11.2,2024-12-27,2024-12-27,348,One-Timer
17547,1,138.339,138.339,2024-01-25,2024-01-25,685,One-Timer
17929,1,106.316,106.316,2024-12-21,2024-12-21,354,One-Timer
12605,1,149,149,2024-04-19,2024-04-19,600,One-Timer
16333,1,249.75,249.75,2024-12-16,2024-12-16,359,One-Timer
12649,1,11.511,11.511,2024-04-18,2024-04-18,601,One-Timer
18259,1,10.39,10.39,2024-05-04,2024-05-04,585,One-Timer
14460,1,212.632,212.632,2024-12-12,2024-12-12,363,One-Timer
15347,1,15.19,15.19,2024-07-04,2024-07-04,524,One-Timer
17227,1,3.5,3.5,2024-05-03,2024-05-03,586,One-Timer
16403,1,42.216,42.216,2024-11-30,2024-11-30,375,One-Timer
13136,1,107.1,107.1,2024-04-19,2024-04-19,600,One-Timer
15350,1,110.493,110.493,2024-10-01,2024-10-01,435,One-Timer
16013,1,15.99,15.99,2024-01-08,2024-01-08,702,One-Timer
17700,1,17.091,17.091,2024-04-19,2024-04-19,600,One-Timer
16754,1,14.02,14.02,2024-01-30,2024-01-30,680,One-Timer
13629,1,249.018,249.018,2024-10-12,2024-10-12,424,One-Timer
17090,1,71.1,71.1,2024-08-07,2024-08-07,490,One-Timer
13002,1,3.06,3.06,2024-10-27,2024-10-27,409,One-Timer
14295,1,199,199,2024-08-18,2024-08-18,479,One-Timer
15797,1,179.1,179.1,2024-10-17,2024-10-17,419,One-Timer
12957,13,335.517,25.809,2024-07-17,2024-07-17,511,Standard
16549,16,891.997,55.7498125,2024-10-08,2024-10-08,428,Standard
17095,10,55.62,5.562,2024-07-08,2024-07-08,520,Standard
12779,21,1156.936,55.092190476,2024-12-24,2024-04-02,351,Standard
15090,13,1229.524,94.578769231,2024-12-26,2024-12-25,349,Standard
14229,5,660.952,132.1904,2024-08-14,2024-08-14,483,Standard
13047,20,1168.112,58.4056,2024-12-18,2024-01-01,357,Standard
14776,13,1413.542,108.734,2024-11-29,2024-11-29,376,Standard
12652,24,1394.924,58.121833333,2024-08-25,2024-08-24,472,Standard
12415,21,1594.882,75.946761905,2024-08-13,2024-07-26,484,Standard
17071,10,889.647,88.9647,2024-12-15,2024-12-15,360,Standard
13656,14,594.018,42.429857143,2024-07-31,2024-07-31,497,Standard
17809,7,404.156,57.736571429,2024-04-02,2024-04-02,617,Standard
16122,11,311.333,28.303,2024-08-17,2024-03-29,480,Standard
17035,14,1072.618,76.615571429,2024-07-12,2024-06-12,516,Standard
16875,13,1310.363,100.797153846,2024-08-17,2024-07-16,480,Standard
17118,5,713.89,142.778,2024-10-30,2024-10-30,406,Standard
17365,41,1773.35,43.252439024,2024-08-18,2024-08-18,479,Standard
18145,19,1149.638,60.507263158,2024-11-28,2024-11-28,377,Standard
14159,22,567.765,25.8075,2024-04-05,2024-04-05,614,Standard
12708,13,1236.353,95.104076923,2024-08-30,2024-04-03,467,Standard
15346,9,525.306,58.367333333,2024-08-17,2024-08-17,480,Standard
16422,21,1483.792,70.656761905,2024-10-29,2024-01-03,407,Standard
17259,34,1506.977,44.322852941,2024-11-03,2024-10-03,402,Standard
15052,14,1263.685,90.263214286,2024-10-17,2024-10-17,419,Standard
14082,16,1056.957,66.0598125,2024-04-25,2024-04-25,594,Standard
17314,14,1649.158,117.797,2024-11-27,2024-04-12,378,Standard
17044,2,26.683,13.3415,2024-12-06,2024-12-06,369,Standard
13769,16,1466.509,91.6568125,2024-12-09,2024-03-22,366,Standard
13502,6,103.698,17.283,2024-09-26,2024-09-26,440,Standard
15827,12,930.497,77.541416667,2024-11-27,2024-01-22,378,Standard
13124,29,1603.819,55.304103448,2024-10-06,2024-09-06,430,Standard
16143,9,1151.866,127.985111111,2024-07-07,2024-01-03,521,Standard
13269,12,717.838,59.819833333,2024-05-18,2024-02-14,571,Standard
12842,11,1779.722,161.792909091,2024-12-23,2024-12-23,352,Standard
14092,33,1416.48,42.923636364,2024-07-13,2024-04-10,515,Standard
18179,22,962.039,43.729045455,2024-12-09,2024-04-08,366,Standard
12483,4,131.082,32.7705,2024-07-18,2024-07-18,510,Standard
13094,3,188.576,62.858666667,2024-04-03,2024-04-03,616,Standard
13077,6,339.383,56.563833333,2024-07-04,2024-07-04,524,Standard
14290,12,1030.064,85.838666667,2024-12-11,2024-12-05,364,Standard
15189,3,297.752,99.250666667,2024-08-18,2024-08-18,479,Standard
12583,19,1383.532,72.817473684,2024-02-08,2024-01-01,671,Standard
14673,8,834.235,104.279375,2024-03-21,2024-03-21,629,Standard
16928,2,383.778,191.889,2024-03-10,2024-01-13,640,Standard
17621,9,1195.874,132.874888889,2024-11-29,2024-08-07,376,Standard
17007,4,299.24,74.81,2024-06-27,2024-06-27,531,Standard
15167,25,1051.03,42.0412,2024-08-10,2024-07-10,487,Standard
15454,11,529.718,48.156181818,2024-10-05,2024-10-05,431,Standard
18229,9,786.722,87.413555556,2024-08-30,2024-01-15,467,Standard
14737,6,84.624,14.104,2024-12-07,2024-12-07,368,Standard
15687,17,1149.541,67.620058824,2024-08-29,2024-07-12,468,Standard
14525,9,572.521,63.613444444,2024-11-09,2024-05-21,396,Standard
12388,7,288.15,41.164285714,2024-08-09,2024-08-09,488,Standard
15299,4,329.913,82.47825,2024-01-29,2024-01-29,681,Standard
17671,13,343.057,26.389,2024-04-18,2024-04-18,601,Standard
15213,11,307.764,27.978545455,2024-10-22,2024-08-31,414,Standard
18016,20,1158.518,57.9259,2024-11-21,2024-02-05,384,Standard
15759,6,61.803,10.3005,2024-06-20,2024-06-20,538,Standard
15965,7,647.018,92.431142857,2024-03-22,2024-03-22,628,Standard
15723,22,1546.461,70.293681818,2024-04-26,2024-04-26,593,Standard
16558,26,964.502,37.096230769,2024-12-10,2024-03-29,365,Standard
16945,6,150.65,25.108333333,2024-06-22,2024-06-22,536,Standard
16493,6,24.932,4.155333333,2024-08-30,2024-08-30,467,Standard
15894,15,1691.216,112.747733333,2024-02-26,2024-02-25,653,Standard
12672,6,69.826,11.637666667,2024-08-30,2024-08-30,467,Standard
17400,20,608.246,30.4123,2024-07-13,2024-07-13,515,Standard
16378,4,438.816,109.704,2024-12-12,2024-12-12,363,Standard
16905,6,592.336,98.722666667,2024-01-02,2024-01-02,708,Standard
13263,15,392.874,26.1916,2024-09-18,2024-09-18,448,Standard
14321,15,1631.26,108.750666667,2024-08-14,2024-08-14,483,Standard
12348,11,412.805,37.527727273,2024-10-19,2024-06-22,417,Standard
14696,16,1508.196,94.26225,2024-09-15,2024-01-13,451,Standard
14135,37,1423.263,38.466567568,2024-11-07,2024-01-17,398,Standard
14217,18,585.216,32.512,2024-09-12,2024-02-08,454,Standard
14572,25,1730.994,69.23976,2024-09-26,2024-09-26,440,Standard
16655,17,823.85,48.461764706,2024-08-22,2024-08-22,475,Standard
16497,18,1264.147,70.230388889,2024-10-27,2024-08-15,409,Standard
17223,20,1352.387,67.61935,2024-12-14,2024-03-15,361,Standard
13764,24,1255.58,52.315833333,2024-07-30,2024-07-29,498,Standard
12557,9,195.294,21.699333333,2024-08-17,2024-02-02,480,Standard
12427,11,759.036,69.003272727,2024-07-14,2024-01-02,514,Standard
15443,24,1213.735,50.572291667,2024-08-10,2024-08-10,487,Standard
13969,27,1616.472,59.869333333,2024-04-21,2024-04-10,598,Standard
12523,7,400.214,57.173428571,2024-08-22,2024-08-22,475,Standard
17889,6,809.531,134.921833333,2024-05-10,2024-05-10,579,Standard
12621,14,770.216,55.015428571,2024-12-04,2024-06-27,371,Standard
14329,33,896.548,27.168121212,2024-02-09,2024-01-09,670,Standard
18202,11,1441.71,131.064545455,2024-08-12,2024-08-12,485,Standard
12754,15,1476.559,98.437266667,2024-12-21,2024-12-21,354,Standard
13208,8,649.626,81.20325,2024-12-20,2024-12-20,355,Standard
15996,17,296.506,17.441529412,2024-09-04,2024-09-04,462,Standard
13871,11,1335.469,121.406272727,2024-12-20,2024-12-20,355,Standard
16030,9,719.339,79.926555556,2024-12-16,2024-12-16,359,Standard
13092,4,77.329,19.33225,2024-07-06,2024-07-06,522,Standard
12395,16,620.921,38.8075625,2024-09-02,2024-06-28,464,Standard
13520,16,1491.944,93.2465,2024-09-22,2024-01-02,444,Standard
13754,5,849.18,169.836,2024-03-11,2024-03-11,639,Standard
12510,9,523.338,58.148666667,2024-09-18,2024-09-18,448,Standard
15224,15,239.1,15.94,2024-08-05,2024-04-05,492,Standard
14684,19,1306.058,68.739894737,2024-08-05,2024-08-05,492,Standard
16252,8,191.973,23.996625,2024-10-04,2024-09-04,432,Standard
18071,8,108.39,13.54875,2024-12-04,2024-12-04,371,Standard
12868,21,1382.861,65.85052381,2024-12-11,2024-08-25,364,Standard
15033,28,919.44,32.837142857,2024-01-09,2024-01-09,701,Standard
17236,19,1365.276,71.856631579,2024-10-23,2024-05-05,413,Standard
13634,17,634.727,37.336882353,2024-06-09,2024-06-09,549,Standard
16735,27,1412.466,52.313555556,2024-10-08,2024-09-08,428,Standard
14051,19,960.416,50.548210526,2024-11-21,2024-01-06,384,Standard
17146,8,932.581,116.572625,2024-06-15,2024-06-15,543,Standard
12665,4,65.736,16.434,2024-09-19,2024-09-19,447,Standard
16315,7,88.68,12.668571429,2024-08-27,2024-08-27,470,Standard
12370,40,1744.104,43.6026,2024-06-25,2024-05-26,533,Standard
17742,4,244.48,61.12,2024-08-17,2024-08-17,480,Standard
15021,33,1585.576,48.047757576,2024-03-30,2024-03-29,620,Standard
14448,12,458.866,38.238833333,2024-02-05,2024-02-05,674,Standard
16202,11,405.098,36.827090909,2024-05-22,2024-05-22,567,Standard
12393,11,1226.398,111.490727273,2024-08-31,2024-08-17,466,Standard
17555,28,1786.174,63.791928571,2024-09-08,2024-09-08,458,Standard
17368,24,1017.903,42.412625,2024-10-27,2024-07-27,409,Standard
14299,9,1296.19,144.021111111,2024-12-04,2024-07-28,371,Standard
14732,5,92.394,18.4788,2024-07-18,2024-07-18,510,Standard
16755,6,557.974,92.995666667,2024-11-17,2024-11-17,388,Standard
14540,4,341.077,85.26925,2024-12-19,2024-12-19,356,Standard
17025,2,261.109,130.5545,2024-01-14,2024-01-13,696,Standard
16746,24,1524.292,63.512166667,2024-06-14,2024-04-09,544,Standard
12645,8,1185.84,148.23,2024-10-11,2024-10-11,425,Standard
17525,6,306.042,51.007,2024-06-06,2024-06-06,552,Standard
17692,10,647.026,64.7026,2024-08-06,2024-08-06,491,Standard
17094,7,1024.764,146.394857143,2024-10-27,2024-04-10,409,Standard
15823,9,277.782,30.864666667,2024-07-28,2024-01-26,500,Standard
15860,9,1123.702,124.855777778,2024-06-03,2024-06-03,555,Standard
13455,16,1470.065,91.8790625,2024-05-04,2024-04-09,585,Standard
18212,21,1141.631,54.363380952,2024-09-14,2024-09-14,452,Standard
15939,6,403.952,67.325333333,2024-08-23,2024-07-12,474,Standard
12574,9,1171.52,130.168888889,2024-11-16,2024-11-16,389,Standard
12524,15,333.124,22.208266667,2024-08-14,2024-08-13,483,Standard
13659,23,1337.591,58.156130435,2024-07-10,2024-06-10,518,Standard
12437,7,510.282,72.897428571,2024-12-14,2024-08-24,361,Standard
18260,16,641.175,40.0734375,2024-11-08,2024-05-10,397,Standard
17980,6,258.989,43.164833333,2024-11-06,2024-11-06,399,Standard
12747,13,498.334,38.333384615,2024-09-28,2024-01-03,438,Standard
16596,3,31.983,10.661,2024-10-04,2024-10-04,432,Standard
15545,11,1169.696,106.336,2024-10-02,2024-10-02,434,Standard
16654,3,543.19,181.063333333,2024-03-16,2024-03-16,634,Standard
12476,14,1545.1,110.364285714,2024-11-28,2024-05-18,377,Standard
16359,4,51.026,12.7565,2024-08-22,2024-08-22,475,Standard
14932,7,278.439,39.777,2024-04-13,2024-04-13,606,Standard
15468,2,13.024,6.512,2024-05-23,2024-05-23,566,Standard
14176,7,101.293,14.470428571,2024-09-09,2024-03-20,457,Standard
12990,2,263.291,131.6455,2024-12-14,2024-12-14,361,Standard
16003,7,504.01,72.001428571,2024-07-06,2024-07-06,522,Standard
14970,3,1047.672,349.224,2024-09-11,2024-09-11,455,Standard
13144,4,9.35,2.3375,2024-08-17,2024-08-17,480,Standard
16163,2,19.081,9.5405,2024-04-20,2024-04-20,599,Standard
14828,2,190.4,95.2,2024-02-08,2024-02-08,671,Standard
16955,5,298.112,59.6224,2024-10-01,2024-04-03,435,Standard
16996,3,11.711,3.903666667,2024-12-07,2024-12-07,368,Standard
15208,2,29.358,14.679,2024-12-07,2024-12-07,368,Standard
13948,2,115.27,57.635,2024-05-22,2024-05-22,567,Standard
16458,8,352.956,44.1195,2024-05-24,2024-05-24,565,Standard
12929,4,376.145,94.03625,2024-06-12,2024-06-12,546,Standard
17873,5,598.941,119.7882,2024-12-01,2024-12-01,374,Standard
17593,10,376.245,37.6245,2024-07-13,2024-07-13,515,Standard
12724,3,292.96,97.653333333,2024-08-21,2024-08-21,476,Standard
14236,2,35.64,17.82,2024-01-31,2024-01-31,679,Standard
17848,6,17.56,2.926666667,2024-12-15,2024-06-22,360,Standard
15260,3,317.709,105.903,2024-01-20,2024-01-20,690,Standard
17256,3,271.746,90.582,2024-01-12,2024-01-12,698,Standard
17041,8,288.552,36.069,2024-05-24,2024-05-24,565,Standard
17978,3,94.713,31.571,2024-04-17,2024-04-17,602,Standard
16510,8,1450.334,181.29175,2024-01-24,2024-01-23,686,Standard
15422,3,126.343,42.114333333,2024-09-30,2024-09-28,436,Standard
17457,4,373.702,93.4255,2024-12-20,2024-07-18,355,Standard
13011,3,197.595,65.865,2024-01-30,2024-01-30,680,Standard
16743,12,682.179,56.84825,2024-06-15,2024-06-15,543,Standard
14457,6,1137.558,189.593,2024-11-12,2024-11-12,393,Standard
13065,8,667.406,83.42575,2024-01-16,2024-01-15,694,Standard
13538,3,16.292,5.430666667,2024-11-17,2024-11-17,388,Standard
15203,9,55.306,6.145111111,2024-07-12,2024-07-12,516,Standard
15312,12,328.911,27.40925,2024-07-07,2024-06-07,521,Standard
17838,17,1638.527,96.383941176,2024-04-20,2024-01-27,599,Standard
13782,15,1186.294,79.086266667,2024-05-09,2024-05-09,580,Standard
15605,5,908.982,181.7964,2024-10-01,2024-10-01,435,Standard
12997,11,310.66,28.241818182,2024-11-21,2024-03-11,384,Standard
14665,5,61.356,12.2712,2024-11-12,2024-11-12,393,Standard
12753,30,1103.768,36.792266667,2024-05-05,2024-01-08,584,Standard
18004,19,1734.72,91.301052632,2024-10-05,2024-09-05,431,Standard
15513,25,1490.171,59.60684,2024-11-04,2024-03-01,401,Standard
16757,3,217.973,72.657666667,2024-10-20,2024-10-20,416,Standard
15329,4,99.171,24.79275,2024-04-19,2024-04-19,600,Standard
12350,9,694.793,77.199222222,2024-12-14,2024-12-14,361,Standard
16523,18,1371.742,76.207888889,2024-11-18,2024-11-17,387,Standard
13305,8,540.939,67.617375,2024-01-20,2024-01-20,690,Standard
13911,10,878.139,87.8139,2024-12-27,2024-12-26,348,Standard
16684,26,1545.834,59.455153846,2024-12-17,2024-06-21,358,Standard
12600,11,320.501,29.136454545,2024-12-16,2024-04-02,359,Standard
13178,18,787.47,43.748333333,2024-05-25,2024-05-25,564,Standard
16470,18,904.976,50.276444444,2024-06-14,2024-06-14,544,Standard
15882,13,1108.002,85.230923077,2024-12-03,2024-03-13,372,Standard
15660,5,481.736,96.3472,2024-11-04,2024-11-04,401,Standard
16779,32,1625.344,50.792,2024-08-05,2024-01-12,492,Standard
16883,8,928.364,116.0455,2024-01-02,2024-01-02,708,Standard
15171,3,22.32,7.44,2024-08-25,2024-08-25,472,Standard
13451,24,733.508,30.562833333,2024-11-08,2024-11-08,397,Standard
15628,9,1053.973,117.108111111,2024-03-27,2024-03-27,623,Standard
18161,9,231.974,25.774888889,2024-10-13,2024-10-13,423,Standard
14107,8,495.004,61.8755,2024-07-07,2024-04-30,521,Standard
12838,30,1455.651,48.5217,2024-05-01,2024-05-01,588,Standard
16156,11,757.207,68.837,2024-12-12,2024-12-12,363,Standard
16206,12,727.562,60.630166667,2024-05-09,2024-05-09,580,Standard
15497,5,251.922,50.3844,2024-12-10,2024-12-10,365,Standard
16153,4,269.18,67.295,2024-05-07,2024-05-07,582,Standard
16658,3,181.283,60.427666667,2024-03-14,2024-03-14,636,Standard
12551,5,675.18,135.036,2024-06-26,2024-06-26,532,Standard
16351,4,131.332,32.833,2024-08-17,2024-08-17,480,Standard
16656,8,64.69,8.08625,2024-01-08,2024-01-08,702,Standard
17456,7,411.521,58.788714286,2024-04-19,2024-04-19,600,Standard
17147,7,404.97,57.852857143,2024-04-12,2024-04-12,607,Standard
13787,2,42.064,21.032,2024-01-05,2024-01-05,705,Standard
13800,17,1089.952,64.114823529,2024-12-18,2024-12-18,357,Standard
12853,14,932.275,66.591071429,2024-11-17,2024-03-12,388,Standard
16402,21,1419.842,67.61152381,2024-02-24,2024-02-23,655,Standard
13473,10,186.872,18.6872,2024-08-16,2024-08-16,481,Standard
13523,11,660.484,60.044,2024-06-04,2024-06-04,554,Standard
13240,6,156.401,26.066833333,2024-04-14,2024-04-14,605,Standard
13394,11,587.1,53.372727273,2024-12-16,2024-12-16,359,Standard
14829,14,1709.373,122.098071429,2024-12-06,2024-01-28,369,Standard
17912,20,871.996,43.5998,2024-12-13,2024-02-06,362,Standard
16567,15,1326.116,88.407733333,2024-01-08,2024-01-08,702,Standard
12480,19,165.666,8.719263158,2024-06-08,2024-06-08,550,Standard
14133,8,902.372,112.7965,2024-11-17,2024-11-17,388,Standard
17381,6,834.826,139.137666667,2024-12-22,2024-04-03,353,Standard
14708,10,918.988,91.8988,2024-07-03,2024-05-24,525,Standard
15332,22,1637.122,74.414636364,2024-06-04,2024-02-15,554,Standard
16353,4,216.78,54.195,2024-08-22,2024-08-07,475,Standard
16477,27,1635.843,60.586777778,2024-11-10,2024-04-02,395,Standard
18256,2,28.78,14.39,2024-05-07,2024-05-07,582,Standard
12867,26,1124.542,43.251615385,2024-02-06,2024-01-06,673,Standard
17091,27,872.244,32.305333333,2024-09-20,2024-03-19,446,Standard
15502,21,1744.402,83.066761905,2024-03-16,2024-01-03,634,Standard
15107,10,364.307,36.4307,2024-12-06,2024-01-06,369,Standard
13999,15,1424.818,94.987866667,2024-05-14,2024-03-10,575,Standard
14514,13,595.324,45.794153846,2024-08-25,2024-08-25,472,Standard
12489,4,21.744,5.436,2024-03-08,2024-03-08,642,Standard
15062,4,112.889,28.22225,2024-11-06,2024-11-06,399,Standard
17470,4,769.3,192.325,2024-03-19,2024-03-19,631,Standard
17491,5,89.396,17.8792,2024-09-15,2024-03-21,451,Standard
12686,4,437.406,109.3515,2024-01-31,2024-01-31,679,Standard
13000,3,336.791,112.263666667,2024-04-24,2024-04-24,595,Standard
16943,6,623.16,103.86,2024-10-26,2024-10-26,410,Standard
15221,3,87.334,29.111333333,2024-02-17,2024-02-17,662,Standard
14618,3,271.181,90.393666667,2024-07-27,2024-07-04,501,Standard
12693,2,669.6,334.8,2024-10-14,2024-10-14,422,Standard
17548,2,399.448,199.724,2024-03-01,2024-03-01,649,Standard
14761,5,763.642,152.7284,2024-09-08,2024-09-08,458,Standard
13728,4,225.829,56.45725,2024-12-12,2024-12-12,363,Standard
12515,3,24.934,8.311333333,2024-07-13,2024-07-13,515,Standard
15157,22,829.803,37.718318182,2024-06-18,2024-06-18,540,Standard
17863,25,830.444,33.21776,2024-11-12,2024-02-23,393,Standard
17771,15,1251.324,83.4216,2024-09-28,2024-09-28,438,Standard
15365,8,1130.39,141.29875,2024-11-20,2024-11-20,385,Standard
17812,20,720.862,36.0431,2024-03-18,2024-03-17,632,Standard
15694,11,1530.57,139.142727273,2024-11-04,2024-01-16,401,Standard
14233,9,1135.945,126.216111111,2024-11-12,2024-10-31,393,Standard
12662,20,1365.959,68.29795,2024-12-19,2024-09-01,356,Standard
13496,13,561.493,43.191769231,2024-06-21,2024-03-06,537,Standard
16948,5,541.825,108.365,2024-09-15,2024-09-15,451,Standard
16186,11,283.58,25.78,2024-01-25,2024-01-25,685,Standard
13881,11,834.723,75.883909091,2024-04-12,2024-04-12,607,Standard
12775,10,871.593,87.1593,2024-12-18,2024-08-12,357,Standard
16817,8,689.478,86.18475,2024-04-19,2024-02-06,600,Standard
17988,5,776.501,155.3002,2024-11-09,2024-10-09,396,Standard
13246,15,837.216,55.8144,2024-08-28,2024-08-28,469,Standard
18097,7,801.875,114.553571429,2024-10-07,2024-07-16,429,Standard
14775,9,762.608,84.734222222,2024-01-29,2024-01-29,681,Standard
17450,35,836.81,23.908857143,2024-08-17,2024-08-16,480,Standard
16059,30,1250.937,41.6979,2024-06-09,2024-03-20,549,Standard
16983,6,301.922,50.320333333,2024-11-10,2024-02-17,395,Standard
14270,12,341.67,28.4725,2024-08-22,2024-08-22,475,Standard
17861,5,739.58,147.916,2024-10-13,2024-10-13,423,Standard
13494,10,588.275,58.8275,2024-06-12,2024-06-12,546,Standard
15028,4,306.233,76.55825,2024-10-03,2024-10-03,433,Standard
17306,4,84.59,21.1475,2024-04-10,2024-03-11,609,Standard
13385,20,1106.006,55.3003,2024-08-30,2024-08-30,467,Standard
12738,5,909.918,181.9836,2024-01-30,2024-01-30,680,Standard
12540,29,1661.822,57.304206897,2024-12-05,2024-08-18,370,Standard
13183,8,591.474,73.93425,2024-07-08,2024-07-08,520,Standard
15290,9,279.111,31.012333333,2024-11-06,2024-08-26,399,Standard
17739,9,478.99,53.221111111,2024-08-16,2024-05-31,481,Standard
13705,7,485.314,69.330571429,2024-03-01,2024-03-01,649,Standard
15673,23,579.978,25.216434783,2024-07-09,2024-07-09,519,Standard
17908,23,1261.508,54.848173913,2024-04-01,2024-04-01,618,Standard
17504,15,549.662,36.644133333,2024-01-10,2024-01-10,700,Standard
17293,16,1152.811,72.0506875,2024-12-27,2024-05-18,348,Standard
14410,3,261.86,87.286666667,2024-12-31,2024-12-31,344,Standard
13668,27,1525.673,56.506407407,2024-12-19,2024-07-08,356,Standard
14805,10,1016.936,101.6936,2024-11-22,2024-11-22,383,Standard
15174,9,602.546,66.949555556,2024-09-30,2024-09-30,436,Standard
16271,9,327.479,36.386555556,2024-06-20,2024-06-20,538,Standard
12727,10,706.326,70.6326,2024-11-10,2024-11-10,395,Standard
17068,27,1257.097,46.559148148,2024-11-29,2024-03-14,376,Standard
13221,14,513.532,36.680857143,2024-07-06,2024-07-06,522,Standard
18178,14,334.737,23.909785714,2024-12-19,2024-04-28,356,Standard
18168,22,1210.422,55.019181818,2024-05-06,2024-01-30,583,Standard
14390,15,1269.189,84.6126,2024-01-20,2024-01-20,690,Standard
13165,7,414.675,59.239285714,2024-07-14,2024-07-14,514,Standard
17869,12,420.351,35.02925,2024-03-19,2024-03-19,631,Standard
12559,10,925.096,92.5096,2024-12-10,2024-11-12,365,Standard
17655,8,135.02,16.8775,2024-10-04,2024-06-20,432,Standard
15713,5,525.993,105.1986,2024-07-04,2024-07-04,524,Standard
12980,5,975.5,195.1,2024-08-23,2024-06-14,474,Standard
17251,19,833.724,43.880210526,2024-03-05,2024-03-05,645,Standard
13693,5,51.429,10.2858,2024-09-18,2024-09-18,448,Standard
12839,17,817.788,48.105176471,2024-06-29,2024-03-25,529,Standard
17454,5,438.893,87.7786,2024-04-06,2024-04-06,613,Standard
17819,6,111.654,18.609,2024-08-05,2024-06-02,492,Standard
14258,18,812.826,45.157,2024-07-27,2024-07-27,501,Standard
17677,15,1199.974,79.998266667,2024-10-23,2024-04-03,413,Standard
15180,2,137.99,68.995,2024-03-24,2024-03-24,626,Standard
16705,33,1386.204,42.006181818,2024-08-12,2024-06-07,485,Standard
18136,7,875.392,125.056,2024-10-14,2024-10-14,422,Standard
17691,7,236.188,33.741142857,2024-06-21,2024-05-03,537,Standard
17706,12,756.738,63.0615,2024-03-29,2024-03-29,621,Standard
13941,4,392.811,98.20275,2024-01-17,2024-01-17,693,Standard
14739,8,275.051,34.381375,2024-07-23,2024-03-24,505,Standard
12726,13,1284.038,98.772153846,2024-11-17,2024-06-27,388,Standard
16899,8,322.672,40.334,2024-05-30,2024-05-30,559,Standard
16907,19,1773.337,93.333526316,2024-04-20,2024-04-20,599,Standard
17082,10,125.654,12.5654,2024-10-27,2024-10-26,409,Standard
16086,7,575.08,82.154285714,2024-03-22,2024-03-22,628,Standard
15544,13,1028.483,79.114076923,2024-01-22,2024-01-22,688,Standard
15777,6,38.816,6.469333333,2024-10-28,2024-05-21,408,Standard
16385,9,226.248,25.138666667,2024-04-04,2024-03-04,615,Standard
17496,4,61.429,15.35725,2024-12-06,2024-12-06,369,Standard
13652,6,83.258,13.876333333,2024-04-03,2024-04-03,616,Standard
14744,10,1060.008,106.0008,2024-12-10,2024-03-28,365,Standard
16612,12,1609.767,134.14725,2024-05-12,2024-05-12,577,Standard
12712,25,1152.648,46.10592,2024-12-21,2024-04-12,354,Standard
16140,4,432.382,108.0955,2024-07-02,2024-07-02,526,Standard
17334,5,640.017,128.0034,2024-12-20,2024-12-20,355,Standard
14312,18,1145.298,63.627666667,2024-12-12,2024-07-31,363,Standard
13874,9,334.131,37.125666667,2024-06-22,2024-06-22,536,Standard
12971,17,866.71,50.982941176,2024-12-19,2024-01-29,356,Standard
17001,15,471.133,31.408866667,2024-10-17,2024-06-13,419,Standard
12734,3,46.224,15.408,2024-07-13,2024-07-13,515,Standard
17855,5,364.44,72.888,2024-01-17,2024-01-17,693,Standard
12951,19,432.517,22.764052632,2024-12-10,2024-08-26,365,Standard
15326,14,831.188,59.370571429,2024-08-14,2024-08-14,483,Standard
14368,4,881.2,220.3,2024-12-10,2024-12-10,365,Standard
14479,5,192.906,38.5812,2024-04-14,2024-04-14,605,Standard
14976,8,619.196,77.3995,2024-08-09,2024-08-09,488,Standard
13324,5,953.7,190.74,2024-11-27,2024-05-21,378,Standard
13107,12,778.818,64.9015,2024-08-14,2024-04-09,483,Standard
17105,15,1514.623,100.974866667,2024-12-30,2024-12-30,345,Standard
13313,9,100.987,11.220777778,2024-07-16,2024-07-16,512,Standard
16722,15,701.719,46.781266667,2024-12-03,2024-07-04,372,Standard
16326,23,890.115,38.700652174,2024-11-22,2024-08-08,383,Standard
16367,19,782.736,41.196631579,2024-06-05,2024-06-05,553,Standard
14709,25,1053.314,42.13256,2024-09-11,2024-06-18,455,Standard
15923,8,641.416,80.177,2024-01-21,2024-01-21,689,Standard
12356,18,796.109,44.228277778,2024-09-15,2024-09-15,451,Standard
14401,8,847.57,105.94625,2024-11-21,2024-02-06,384,Standard
14524,14,371.706,26.550428571,2024-05-23,2024-05-23,566,Standard
15620,22,619.17,28.144090909,2024-06-19,2024-06-19,539,Standard
12386,8,205.315,25.664375,2024-07-28,2024-03-27,500,Standard
17708,16,1194.849,74.6780625,2024-09-20,2024-09-20,446,Standard
15646,11,697.246,63.386,2024-01-29,2024-01-29,681,Standard
15032,14,935.863,66.847357143,2024-04-04,2024-04-04,615,Standard
14395,32,989.314,30.9160625,2024-11-08,2024-01-30,397,Standard
17685,23,1494.929,64.996913043,2024-12-27,2024-01-09,348,Standard
13627,6,542.998,90.499666667,2024-06-25,2024-06-25,533,Standard
13049,7,97.902,13.986,2024-10-27,2024-10-27,409,Standard
13862,13,1491.19,114.706923077,2024-08-21,2024-08-21,476,Standard
17888,10,384.768,38.4768,2024-10-31,2024-10-31,405,Standard
17618,21,830.92,39.567619048,2024-11-05,2024-11-05,400,Standard
14006,5,468.849,93.7698,2024-02-12,2024-02-12,667,Standard
15456,12,442.242,36.8535,2024-11-06,2024-11-06,399,Standard
15078,30,1250.525,41.684166667,2024-10-16,2024-02-06,420,Standard
13581,6,271.213,45.202166667,2024-12-19,2024-12-19,356,Standard
14850,11,304.036,27.639636364,2024-06-12,2024-06-12,546,Standard
16775,16,1595.53,99.720625,2024-08-29,2024-03-24,468,Standard
14625,18,758.548,42.141555556,2024-05-19,2024-01-30,570,Standard
17377,32,1685.701,52.67815625,2024-12-04,2024-06-01,371,Standard
15738,27,1308.68,48.46962963,2024-11-28,2024-01-22,377,Standard
14210,19,1326.09,69.794210526,2024-07-18,2024-04-02,510,Standard
16550,22,1614.928,73.405818182,2024-03-14,2024-03-14,636,Standard
16241,24,1582.012,65.917166667,2024-12-02,2024-02-13,373,Standard
14068,13,1213.829,93.371461538,2024-11-10,2024-11-10,395,Standard
14037,17,859.726,50.572117647,2024-04-27,2024-04-27,592,Standard
14466,10,930.887,93.0887,2024-12-21,2024-01-23,354,Standard
14565,22,364.152,16.552363636,2024-05-16,2024-05-16,573,Standard
17346,16,786.792,49.1745,2024-11-01,2024-05-06,404,Standard
17303,21,426.134,20.292095238,2024-05-16,2024-05-16,573,Standard
14952,7,338.923,48.417571429,2024-04-29,2024-03-29,590,Standard
17114,16,970.732,60.67075,2024-08-08,2024-08-08,489,Standard
15271,21,1229.497,58.54747619,2024-07-26,2024-04-17,502,Standard
15919,24,1523.088,63.462,2024-06-03,2024-06-03,555,Standard
18219,10,399.746,39.9746,2024-05-26,2024-04-03,563,Standard
13854,16,1416.078,88.504875,2024-12-04,2024-06-24,371,Standard
17961,39,1631.95,41.844871795,2024-12-07,2024-01-31,368,Standard
13138,6,125.063,20.843833333,2024-01-25,2024-01-25,685,Standard
18250,14,1342.671,95.905071429,2024-12-13,2024-12-13,362,Standard
15858,20,1278.117,63.90585,2024-03-23,2024-03-23,627,Standard
14653,16,1288.773,80.5483125,2024-07-23,2024-07-23,505,Standard
17515,15,1473.88,98.258666667,2024-10-26,2024-10-26,410,Standard
13048,21,1625.175,77.389285714,2024-06-09,2024-06-09,549,Standard
12935,16,412.481,25.7800625,2024-10-16,2024-10-16,420,Standard
16515,17,833.382,49.022470588,2024-07-12,2024-07-12,516,Standard
15789,14,768.178,54.869857143,2024-06-19,2024-06-19,539,Standard
18065,9,511.883,56.875888889,2024-04-29,2024-04-28,590,Standard
12417,15,633.268,42.217866667,2024-10-18,2024-01-08,418,Standard
16293,8,286.345,35.793125,2024-03-24,2024-03-24,626,Standard
17629,11,939.783,85.434818182,2024-03-06,2024-03-06,644,Standard
12705,14,799.686,57.120428571,2024-06-28,2024-06-28,530,Standard
16525,20,1100.485,55.02425,2024-12-29,2024-03-29,346,Standard
17402,8,1014.52,126.815,2024-02-28,2024-02-28,651,Standard
14497,15,1352.979,90.1986,2024-12-19,2024-12-19,356,Standard
14047,10,165.045,16.5045,2024-01-17,2024-01-17,693,Standard
14778,8,953.885,119.235625,2024-12-21,2024-12-21,354,Standard
14205,10,815.917,81.5917,2024-04-17,2024-04-17,602,Standard
16748,5,484.851,96.9702,2024-12-19,2024-10-08,356,Standard
15110,4,1032.84,258.21,2024-10-20,2024-10-20,416,Standard
16112,5,600.632,120.1264,2024-08-16,2024-07-20,481,Standard
16473,5,177.216,35.4432,2024-02-08,2024-02-08,671,Standard
14320,13,812.716,62.516615385,2024-08-16,2024-01-10,481,Standard
17033,4,205.079,51.26975,2024-07-06,2024-07-06,522,Standard
17951,4,414.419,103.60475,2024-08-07,2024-07-01,490,Standard
17239,6,1107.702,184.617,2024-11-27,2024-07-13,378,Standard
16726,11,249.562,22.687454545,2024-05-16,2024-05-16,573,Standard
16125,7,668.351,95.478714286,2024-03-26,2024-03-26,624,Standard
15749,4,445.7,111.425,2024-08-19,2024-08-19,478,Standard
15384,8,664.884,83.1105,2024-05-06,2024-05-06,583,Standard
16954,5,212.023,42.4046,2024-03-06,2024-03-06,644,Standard
17075,8,155.886,19.48575,2024-10-31,2024-10-31,405,Standard
14643,6,419.01,69.835,2024-12-07,2024-06-22,368,Standard
13890,6,402.849,67.1415,2024-06-13,2024-03-11,545,Standard
13034,5,181.112,36.2224,2024-02-28,2024-02-28,651,Standard
17517,5,437.801,87.5602,2024-12-22,2024-12-22,353,Standard
17634,31,745.508,24.048645161,2024-07-28,2024-07-28,500,Standard
17287,9,732.99,81.443333333,2024-03-21,2024-01-21,629,Standard
15602,8,327.964,40.9955,2024-11-30,2024-01-12,375,Standard
16556,10,1197.762,119.7762,2024-05-30,2024-05-30,559,Standard
15606,9,358.399,39.822111111,2024-09-22,2024-09-22,444,Standard
16255,24,1562.195,65.091458333,2024-07-17,2024-04-18,511,Standard
17214,12,794.549,66.212416667,2024-12-19,2024-11-06,356,Standard
14896,14,806.767,57.626214286,2024-04-14,2024-04-13,605,Standard
16282,5,389.36,77.872,2024-07-17,2024-07-17,511,Standard
14309,7,73.215,10.459285714,2024-12-15,2024-06-17,360,Standard
17913,21,691.63,32.934761905,2024-06-30,2024-06-30,528,Standard
13506,12,1010.579,84.214916667,2024-11-11,2024-02-12,394,Standard
16210,22,1485.378,67.517181818,2024-12-15,2024-05-03,360,Standard
13649,8,212.951,26.618875,2024-07-04,2024-07-04,524,Standard
13615,10,571.638,57.1638,2024-10-18,2024-10-18,418,Standard
15298,19,1576.945,82.997105263,2024-07-26,2024-06-04,502,Standard
15002,34,1575.356,46.334,2024-07-20,2024-03-21,508,Standard
14496,17,269.57,15.857058824,2024-04-12,2024-01-13,607,Standard
16499,4,211.986,52.9965,2024-05-30,2024-04-24,559,Standard
15279,16,1331.399,83.2124375,2024-06-07,2024-04-19,551,Standard
14057,23,1359.726,59.118521739,2024-05-31,2024-05-25,558,Standard
15262,6,961.293,160.2155,2024-09-27,2024-09-27,439,Standard
15081,5,292.289,58.4578,2024-03-26,2024-03-26,624,Standard
16455,14,625.084,44.648857143,2024-09-02,2024-05-21,464,Standard
14595,3,484,161.333333333,2024-11-23,2024-11-23,382,Standard
13859,13,1120.714,86.208769231,2024-09-14,2024-09-13,452,Standard
17786,9,1151.072,127.896888889,2024-02-11,2024-02-11,668,Standard
15240,8,1049.677,131.209625,2024-04-12,2024-01-31,607,Standard
16812,7,704.614,100.659142857,2024-05-26,2024-05-26,563,Standard
12530,3,210.2,70.066666667,2024-02-08,2024-02-08,671,Standard
12763,9,573.409,63.712111111,2024-02-03,2024-01-03,676,Standard
17048,7,376.844,53.834857143,2024-08-25,2024-05-10,472,Standard
17371,4,709.78,177.445,2024-05-19,2024-05-19,570,Standard
15211,15,561.079,37.405266667,2024-04-20,2024-04-20,599,Standard
12956,8,826.876,103.3595,2024-12-31,2024-12-31,344,Standard
12735,17,1588.394,93.434941176,2024-11-20,2024-07-29,385,Standard
14889,6,293.69,48.948333333,2024-06-08,2024-06-08,550,Standard
12601,6,274.838,45.806333333,2024-08-17,2024-08-17,480,Standard
15626,10,372.224,37.2224,2024-08-30,2024-08-30,467,Standard
16607,3,403.739,134.579666667,2024-06-13,2024-06-13,545,Standard
16316,12,813.332,67.777666667,2024-06-19,2024-06-19,539,Standard
12441,9,987.026,109.669555556,2024-03-29,2024-03-28,621,Standard
14256,15,848.761,56.584066667,2024-04-27,2024-04-27,592,Standard
16926,5,104.456,20.8912,2024-04-02,2024-04-02,617,Standard
12553,16,722.086,45.130375,2024-08-31,2024-08-30,466,Standard
14113,5,725.83,145.166,2024-10-18,2024-05-12,418,Standard
12464,3,673.568,224.522666667,2024-12-18,2024-12-18,357,Standard
13233,11,572.918,52.083454545,2024-05-08,2024-05-08,581,Standard
17418,5,279.487,55.8974,2024-09-27,2024-09-27,439,Standard
14257,13,1470.391,113.107,2024-10-19,2024-10-19,417,Standard
12429,8,884.211,110.526375,2024-04-13,2024-04-13,606,Standard
14032,19,1245.19,65.536315789,2024-07-14,2024-03-29,514,Standard
16221,9,399.457,44.384111111,2024-03-21,2024-03-21,629,Standard
13310,13,795.938,61.226,2024-09-24,2024-09-23,442,Standard
14419,12,618.043,51.503583333,2024-04-25,2024-04-24,594,Standard
15716,20,958.231,47.91155,2024-02-17,2024-02-16,662,Standard
18156,25,1189.028,47.56112,2024-02-17,2024-02-17,662,Standard
12808,3,246.155,82.051666667,2024-04-03,2024-04-03,616,Standard
15596,25,1258.649,50.34596,2024-12-09,2024-04-20,366,Standard
17659,7,419.907,59.986714286,2024-01-29,2024-01-29,681,Standard
12423,11,629.827,57.257,2024-12-07,2024-12-07,368,Standard
14221,6,263.212,43.868666667,2024-07-19,2024-07-19,509,Standard
16043,13,893.102,68.700153846,2024-10-28,2024-10-28,408,Standard
14341,8,406.057,50.757125,2024-10-26,2024-10-26,410,Standard
17428,21,624.299,29.72852381,2024-08-17,2024-01-08,480,Standard
14813,15,1312.942,87.529466667,2024-02-14,2024-02-14,665,Standard
17643,5,153.672,30.7344,2024-12-01,2024-12-01,374,Standard
17800,4,56.734,14.1835,2024-10-08,2024-10-08,428,Standard
13819,10,1515.569,151.5569,2024-12-19,2024-12-10,356,Standard
16393,10,480.418,48.0418,2024-06-05,2024-02-23,553,Standard
15361,4,100.924,25.231,2024-12-05,2024-12-05,370,Standard
16019,14,304.326,21.737571429,2024-04-28,2024-02-08,591,Standard
13491,22,1649.762,74.989181818,2024-12-12,2024-01-25,363,Standard
13097,29,1289.222,44.455931034,2024-07-26,2024-01-06,502,Standard
13168,37,1267.52,34.257297297,2024-10-26,2024-10-26,410,Standard
16898,16,622.076,38.87975,2024-07-03,2024-07-03,525,Standard
16873,28,900.196,32.149857143,2024-02-05,2024-02-05,674,Standard
18008,6,54.76,9.126666667,2024-10-22,2024-10-22,414,Standard
16938,8,715.52,89.44,2024-12-21,2024-12-20,354,Standard
15820,12,1303.546,108.628833333,2024-10-14,2024-10-13,422,Standard
17069,16,1367.494,85.468375,2024-07-14,2024-01-15,514,Standard
14293,7,145.351,20.764428571,2024-04-03,2024-04-03,616,Standard
13495,21,847.024,40.33447619,2024-05-06,2024-03-17,583,Standard
16805,27,1425.3,52.788888889,2024-05-31,2024-05-31,558,Standard
17213,17,1291.731,75.984176471,2024-11-11,2024-04-04,394,Standard
15916,21,1412.436,67.258857143,2024-08-29,2024-03-04,468,Standard
13001,20,1321.898,66.0949,2024-11-09,2024-10-27,396,Standard
13458,47,1640.25,34.89893617,2024-08-22,2024-06-06,475,Standard
17672,20,1516.901,75.84505,2024-12-18,2024-12-18,357,Standard
14577,20,1171.708,58.5854,2024-04-05,2024-04-05,614,Standard
16918,15,1592.232,106.1488,2024-04-11,2024-03-11,608,Standard
17790,11,826.716,75.156,2024-06-25,2024-04-24,533,Standard
17551,22,1148.844,52.220181818,2024-09-06,2024-09-06,460,Standard
17329,7,534.67,76.381428571,2024-11-21,2024-11-21,384,Standard
12913,3,90.136,30.045333333,2024-03-18,2024-03-18,632,Standard
16081,11,1224.028,111.275272727,2024-03-29,2024-03-29,621,Standard
16042,2,178.2,89.1,2024-04-19,2024-04-19,600,Standard
13880,3,354.2,118.066666667,2024-03-23,2024-03-23,627,Standard
17235,4,890.528,222.632,2024-01-23,2024-01-23,687,Standard
13959,10,644.948,64.4948,2024-10-05,2024-10-05,431,Standard
17373,12,1028.312,85.692666667,2024-11-28,2024-11-28,377,Standard
13141,13,1166.032,89.694769231,2024-11-21,2024-11-20,384,Standard
18109,25,1134.091,45.36364,2024-12-02,2024-02-05,373,Standard
13328,7,470.79,67.255714286,2024-11-13,2024-11-13,392,Standard
16235,5,267.675,53.535,2024-08-21,2024-04-09,476,Standard
15503,29,1750.476,60.361241379,2024-03-05,2024-03-05,645,Standard
13983,18,1279.808,71.100444444,2024-12-09,2024-03-28,366,Standard
17567,14,656.055,46.861071429,2024-01-26,2024-01-26,684,Standard
15192,5,47.737,9.5474,2024-04-19,2024-04-19,600,Standard
14748,22,531.141,24.142772727,2024-04-03,2024-04-03,616,Standard
15984,9,313.957,34.884111111,2024-07-22,2024-03-13,506,Standard
16124,7,240.912,34.416,2024-11-14,2024-02-11,391,Standard
17730,8,467.146,58.39325,2024-12-09,2024-12-09,366,Standard
14770,13,620.126,47.702,2024-09-29,2024-09-28,437,Standard
14388,9,664.982,73.886888889,2024-09-04,2024-01-18,462,Standard
12609,9,255.775,28.419444444,2024-10-27,2024-10-27,409,Standard
17519,8,649.613,81.201625,2024-03-17,2024-03-17,633,Standard
12468,3,124.59,41.53,2024-10-11,2024-10-11,425,Standard
14175,6,815.911,135.985166667,2024-08-31,2024-03-10,466,Standard
17862,7,361.928,51.704,2024-09-27,2024-09-27,439,Standard
12797,12,258.617,21.551416667,2024-12-04,2024-02-06,371,Standard
15111,7,1105.266,157.895142857,2024-01-20,2024-01-20,690,Standard
16265,20,1118.079,55.90395,2024-04-24,2024-04-24,595,Standard
13487,10,370.109,37.0109,2024-12-07,2024-12-07,368,Standard
13993,16,368.256,23.016,2024-08-27,2024-08-27,470,Standard
16717,8,847.586,105.94825,2024-12-13,2024-10-04,362,Standard
13700,8,308.806,38.60075,2024-05-09,2024-05-09,580,Standard
12414,2,118.025,59.0125,2024-12-14,2024-12-13,361,Standard
17324,11,484.026,44.002363636,2024-08-22,2024-02-04,475,Standard
15799,13,314.878,24.221384615,2024-11-08,2024-11-08,397,Standard
15394,12,1127.8,93.983333333,2024-06-16,2024-06-16,542,Standard
17412,9,722.585,80.287222222,2024-06-22,2024-01-28,536,Standard
17820,5,404.449,80.8898,2024-12-06,2024-12-06,369,Standard
13756,6,395.152,65.858666667,2024-06-13,2024-01-06,545,Standard
14404,21,1029.44,49.020952381,2024-06-09,2024-02-03,549,Standard
13599,13,535.184,41.168,2024-07-30,2024-03-27,498,Standard
14878,11,427.572,38.870181818,2024-06-15,2024-06-15,543,Standard
16401,2,16.756,8.378,2024-05-09,2024-05-09,580,Standard
16203,5,1044.238,208.8476,2024-01-26,2024-01-26,684,Standard
12854,17,1628.546,95.796823529,2024-10-24,2024-10-24,412,Standard
15179,21,1480.354,70.493047619,2024-10-16,2024-10-15,420,Standard
12877,12,1038.818,86.568166667,2024-08-31,2024-06-15,466,Standard
13569,14,698.749,49.910642857,2024-03-21,2024-03-21,629,Standard
13397,6,508.022,84.670333333,2024-07-18,2024-07-18,510,Standard
14491,2,184.203,92.1015,2024-01-21,2024-01-20,689,Standard
16701,12,368.518,30.709833333,2024-08-22,2024-05-14,475,Standard
13922,3,11.655,3.885,2024-07-14,2024-07-14,514,Standard
15059,14,1344.383,96.027357143,2024-08-08,2024-06-10,489,Standard
17064,12,1546.031,128.835916667,2024-07-09,2024-07-09,519,Standard
14662,11,1542.238,140.203454545,2024-11-15,2024-11-15,390,Standard
15204,4,68.976,17.244,2024-06-27,2024-06-27,531,Standard
17849,6,617.744,102.957333333,2024-08-14,2024-08-14,483,Standard
16676,12,387.754,32.312833333,2024-07-28,2024-07-28,500,Standard
14755,16,1052.89,65.805625,2024-10-08,2024-10-08,428,Standard
16665,8,780.228,97.5285,2024-10-05,2024-10-05,431,Standard
13824,6,485.927,80.987833333,2024-12-13,2024-12-13,362,Standard
17644,2,24.462,12.231,2024-05-10,2024-05-10,579,Standard
14413,11,1213.896,110.354181818,2024-09-05,2024-09-05,461,Standard
13707,14,1645.5,117.535714286,2024-11-20,2024-11-20,385,Standard
15165,13,688.349,52.949923077,2024-11-01,2024-11-01,404,Standard
16539,10,614.113,61.4113,2024-06-20,2024-01-13,538,Standard
15363,11,737.669,67.060818182,2024-01-22,2024-01-22,688,Standard
17674,4,37.962,9.4905,2024-04-03,2024-04-03,616,Standard
13817,6,68.544,11.424,2024-07-14,2024-07-14,514,Standard
15301,13,1072.533,82.502538462,2024-07-03,2024-07-03,525,Standard
16833,4,653.262,163.3155,2024-10-08,2024-10-08,428,Standard
14016,20,340.823,17.04115,2024-06-27,2024-06-27,531,Standard
17376,5,128.82,25.764,2024-09-12,2024-09-12,454,Standard
18074,4,393.849,98.46225,2024-02-01,2024-02-01,678,Standard
17364,24,931.356,38.8065,2024-09-30,2024-08-25,436,Standard
17128,4,144.452,36.113,2024-09-08,2024-09-08,458,Standard
16145,20,667.655,33.38275,2024-07-20,2024-02-06,508,Standard
14213,3,42.265,14.088333333,2024-01-31,2024-01-31,679,Standard
12778,8,270.032,33.754,2024-01-12,2024-01-12,698,Standard
17917,11,798.19,72.562727273,2024-07-05,2024-06-05,523,Standard
14913,5,75.202,15.0404,2024-09-06,2024-09-06,460,Standard
17760,5,542.727,108.5454,2024-01-13,2024-01-13,697,Standard
16048,5,461.457,92.2914,2024-01-13,2024-01-13,697,Standard
16670,22,1168.122,53.096454545,2024-08-17,2024-06-13,480,Standard
18043,29,1760.483,60.706310345,2024-03-31,2024-03-31,619,Standard
12577,29,1477.747,50.956793103,2024-12-06,2024-12-06,369,Standard
15281,27,1701.878,63.032518519,2024-08-16,2024-05-10,481,Standard
17320,5,98.392,19.6784,2024-03-18,2024-03-18,632,Standard
16850,8,434.88,54.36,2024-08-14,2024-08-14,483,Standard
14334,20,1136.933,56.84665,2024-10-13,2024-06-21,423,Standard
14355,6,775.125,129.1875,2024-04-13,2024-04-13,606,Standard
17860,31,1255.05,40.485483871,2024-09-03,2024-09-03,463,Standard
14127,7,238.067,34.009571429,2024-12-12,2024-12-12,363,Standard
17569,9,508.292,56.476888889,2024-08-21,2024-08-20,476,Standard
13090,6,950.881,158.480166667,2024-09-30,2024-01-16,436,Standard
16638,9,182.364,20.262666667,2024-07-06,2024-02-09,522,Standard
18061,6,544.601,90.766833333,2024-04-04,2024-01-10,615,Standard
15864,2,342.2,171.1,2024-11-15,2024-11-15,390,Standard
16916,25,1369.786,54.79144,2024-01-23,2024-01-23,687,Standard
18085,13,962.024,74.001846154,2024-08-29,2024-05-01,468,Standard
16570,9,906.537,100.726333333,2024-11-27,2024-04-12,378,Standard
13030,36,943.886,26.219055556,2024-03-15,2024-03-15,635,Standard
14867,7,112.255,16.036428571,2024-07-08,2024-06-03,520,Standard
14639,14,1203.432,85.959428571,2024-05-17,2024-05-16,572,Standard
14238,3,495.446,165.148666667,2024-12-09,2024-12-09,366,Standard
16912,11,715.204,65.018545455,2024-09-30,2024-09-30,436,Standard
13064,11,182.012,16.546545455,2024-06-09,2024-06-09,549,Standard
14741,8,194.097,24.262125,2024-05-14,2024-01-17,575,Standard
12944,6,327.591,54.5985,2024-06-07,2024-06-07,551,Standard
17865,16,1398.905,87.4315625,2024-06-28,2024-01-05,530,Standard
13842,33,1252.79,37.963333333,2024-12-19,2024-02-08,356,Standard
15569,5,124.52,24.904,2024-08-19,2024-08-19,478,Standard
15831,7,428.271,61.181571429,2024-09-24,2024-09-24,442,Standard
14916,8,678.406,84.80075,2024-09-24,2024-09-24,442,Standard
15696,19,1117.31,58.805789474,2024-11-11,2024-08-09,394,Standard
15641,12,789.597,65.79975,2024-09-06,2024-09-06,460,Standard
15291,18,449.949,24.997166667,2024-08-25,2024-01-01,472,Standard
18198,15,1134.372,75.6248,2024-11-12,2024-04-08,393,Standard
17969,3,51.368,17.122666667,2024-05-19,2024-05-19,570,Standard
15485,24,1129.953,47.081375,2024-09-01,2024-07-08,465,Standard
17880,13,1169.014,89.924153846,2024-04-24,2024-04-24,595,Standard
15527,17,892.62,52.507058824,2024-11-18,2024-09-07,387,Standard
18119,12,489.84,40.82,2024-03-21,2024-03-20,629,Standard
14030,6,994.501,165.750166667,2024-09-04,2024-09-04,462,Standard
17226,7,395.592,56.513142857,2024-12-22,2024-12-22,353,Standard
17027,16,920.994,57.562125,2024-01-11,2024-01-11,699,Standard
13327,14,502.107,35.864785714,2024-04-19,2024-04-19,600,Standard
14533,5,986.904,197.3808,2024-07-13,2024-07-13,515,Standard
16600,5,713.799,142.7598,2024-07-21,2024-07-21,507,Standard
13939,5,594.783,118.9566,2024-06-12,2024-06-12,546,Standard
15038,16,962.444,60.15275,2024-12-02,2024-11-02,373,Standard
18176,14,1447.632,103.402285714,2024-12-07,2024-06-20,368,Standard
14167,7,258.71,36.958571429,2024-08-25,2024-08-25,472,Standard
14467,7,858.402,122.628857143,2024-11-29,2024-11-29,376,Standard
14692,13,1734.181,133.398538462,2024-04-10,2024-04-10,609,Standard
15955,7,997.661,142.523,2024-01-19,2024-01-19,691,Standard
17585,8,1210.194,151.27425,2024-07-24,2024-07-24,504,Standard
17857,3,427.8,142.6,2024-12-04,2024-06-20,371,Standard
12721,8,896.733,112.091625,2024-06-07,2024-06-07,551,Standard
17420,2,48.88,24.44,2024-02-01,2024-02-01,678,Standard
13898,6,204.025,34.004166667,2024-09-15,2024-09-15,451,Standard
15512,2,15.078,7.539,2024-06-06,2024-06-06,552,Standard
13317,5,492.417,98.4834,2024-06-13,2024-06-13,545,Standard
16835,5,421.584,84.3168,2024-01-16,2024-01-16,694,Standard
13126,18,774.819,43.0455,2024-07-19,2024-03-29,509,Standard
17732,14,1423.299,101.664214286,2024-01-17,2024-01-17,693,Standard
14426,24,1239.07,51.627916667,2024-11-27,2024-07-06,378,Standard
15266,5,617.66,123.532,2024-07-23,2024-07-23,505,Standard
15048,11,542.364,49.305818182,2024-07-03,2024-07-03,525,Standard
16150,16,933.606,58.350375,2024-01-31,2024-01-31,679,Standard
18102,10,1103.917,110.3917,2024-03-27,2024-03-26,623,Standard
15226,3,366.846,122.282,2024-12-12,2024-12-12,363,Standard
17604,14,1550.727,110.766214286,2024-02-12,2024-01-12,667,Standard
14443,21,770.667,36.698428571,2024-12-14,2024-01-29,361,Standard
14841,6,463.317,77.2195,2024-06-13,2024-06-13,545,Standard
12676,5,345.273,69.0546,2024-10-12,2024-10-12,424,Standard
17552,5,390.407,78.0814,2024-01-31,2024-01-31,679,Standard
17676,15,901.084,60.072266667,2024-05-04,2024-05-04,585,Standard
15563,15,869.788,57.985866667,2024-06-14,2024-06-14,544,Standard
17135,6,811.285,135.214166667,2024-01-31,2024-01-31,679,Standard
16752,7,536.643,76.663285714,2024-01-21,2024-01-21,689,Standard
15164,9,274.712,30.523555556,2024-07-18,2024-07-18,510,Standard
16863,3,156.689,52.229666667,2024-03-27,2024-03-27,623,Standard
13304,12,433.881,36.15675,2024-07-15,2024-07-15,513,Standard
12691,10,275.054,27.5054,2024-10-17,2024-06-28,419,Standard
15750,9,1274.989,141.665444444,2024-03-28,2024-03-28,622,Standard
18226,12,628.712,52.392666667,2024-07-26,2024-07-26,502,Standard
12359,7,169.2,24.171428571,2024-08-23,2024-08-23,474,Standard
17158,10,586.992,58.6992,2024-05-29,2024-05-28,560,Standard
14078,6,324.311,54.051833333,2024-09-01,2024-09-01,465,Standard
12963,4,295.08,73.77,2024-11-04,2024-10-04,401,Standard
17189,22,1380.796,62.763454545,2024-12-06,2024-12-06,369,Standard
16085,17,903.145,53.126176471,2024-06-10,2024-06-10,548,Standard
14161,13,681.744,52.441846154,2024-02-23,2024-02-23,656,Standard
12942,10,388.245,38.8245,2024-11-04,2024-11-04,401,Standard
13584,13,927.535,71.348846154,2024-12-29,2024-12-29,346,Standard
16098,10,635.084,63.5084,2024-02-01,2024-02-01,678,Standard
16250,6,569.126,94.854333333,2024-02-01,2024-02-01,678,Standard
12422,8,677.458,84.68225,2024-09-20,2024-09-19,446,Standard
17179,5,204.676,40.9352,2024-05-17,2024-05-17,572,Standard
15246,7,111.223,15.889,2024-06-13,2024-06-13,545,Standard
17194,14,695.638,49.688428571,2024-05-25,2024-05-24,564,Standard
16546,6,1010.118,168.353,2024-01-29,2024-01-20,681,Standard
13611,6,211.086,35.181,2024-03-06,2024-03-06,644,Standard
13329,6,278.976,46.496,2024-08-07,2024-03-27,490,Standard
13600,5,241.34,48.268,2024-02-12,2024-02-12,667,Standard
14237,8,738.651,92.331375,2024-09-01,2024-09-01,465,Standard
17937,7,409.302,58.471714286,2024-10-05,2024-05-18,431,Standard
15822,6,271,45.166666667,2024-08-06,2024-08-06,491,Standard
15971,3,208.639,69.546333333,2024-10-12,2024-10-12,424,Standard
15780,6,858.193,143.032166667,2024-06-26,2024-06-26,532,Standard
16350,10,430.53,43.053,2024-08-13,2024-04-18,484,Standard
16897,12,1643.424,136.952,2024-11-22,2024-11-22,383,Standard
13082,4,604.4,151.1,2024-07-24,2024-07-24,504,Standard
12651,6,923.136,153.856,2024-09-08,2024-09-08,458,Standard
16781,8,773.416,96.677,2024-04-19,2024-01-25,600,Standard
17696,7,747.534,106.790571429,2024-04-23,2024-01-08,596,Standard
18092,6,284.136,47.356,2024-11-04,2024-06-07,401,Standard
14487,4,256.808,64.202,2024-03-13,2024-03-13,637,Standard
12915,6,729.692,121.615333333,2024-01-22,2024-01-22,688,Standard
13784,5,142.794,28.5588,2024-08-21,2024-08-12,476,Standard
13539,3,233.317,77.772333333,2024-12-19,2024-12-19,356,Standard
15139,3,171.344,57.114666667,2024-03-08,2024-03-08,642,Standard
14715,4,300.352,75.088,2024-08-24,2024-08-24,473,Standard
15950,13,607.507,46.731307692,2024-06-06,2024-06-06,552,Standard
17682,8,476.208,59.526,2024-03-13,2024-03-13,637,Standard
13565,5,286.212,57.2424,2024-11-08,2024-11-08,397,Standard
13672,2,17.912,8.956,2024-08-14,2024-08-14,483,Standard
13110,9,253.123,28.124777778,2024-10-12,2024-10-12,424,Standard
14871,14,257.184,18.370285714,2024-05-25,2024-05-25,564,Standard
13284,8,208.072,26.009,2024-08-25,2024-08-25,472,Standard
15465,12,399.496,33.291333333,2024-10-02,2024-05-10,434,Standard
15392,11,1128.708,102.609818182,2024-06-21,2024-01-06,537,Standard
14201,3,169.366,56.455333333,2024-08-06,2024-08-06,491,Standard
13837,4,370.72,92.68,2024-10-30,2024-10-30,406,Standard
15661,2,707.6,353.8,2024-07-21,2024-01-11,507,Standard
13253,6,54.801,9.1335,2024-07-19,2024-07-19,509,Standard
15805,8,1425.15,178.14375,2024-04-22,2024-04-22,597,Standard
14672,19,946.02,49.790526316,2024-06-08,2024-06-08,550,Standard
17343,5,234.826,46.9652,2024-05-07,2024-05-07,582,Standard
13309,16,1680.276,105.01725,2024-12-23,2024-12-23,352,Standard
14437,4,141.679,35.41975,2024-11-04,2024-11-04,401,Standard
14344,7,809.34,115.62,2024-06-03,2024-06-03,555,Standard
13576,17,576.158,33.891647059,2024-12-14,2024-01-16,361,Standard
12413,9,699.958,77.773111111,2024-08-22,2024-07-31,475,Standard
13593,21,483.894,23.042571429,2024-07-08,2024-06-08,520,Standard
13448,9,461.113,51.234777778,2024-03-01,2024-01-05,649,Standard
12829,8,530.836,66.3545,2024-02-08,2024-01-06,671,Standard
16531,4,703.565,175.89125,2024-10-23,2024-10-23,413,Standard
14411,8,132.631,16.578875,2024-11-12,2024-11-12,393,Standard
18095,8,298.126,37.26575,2024-11-29,2024-08-18,376,Standard
14243,24,1312.475,54.686458333,2024-10-31,2024-06-27,405,Standard
17018,3,131.883,43.961,2024-09-14,2024-09-14,452,Standard
13098,14,1608,114.857142857,2024-03-11,2024-01-11,639,Standard
12928,10,124.632,12.4632,2024-11-06,2024-11-06,399,Standard
17362,7,517.884,73.983428571,2024-12-16,2024-12-16,359,Standard
14553,10,100.784,10.0784,2024-07-19,2024-07-19,509,Standard
15353,4,100.769,25.19225,2024-03-20,2024-03-20,630,Standard
15987,5,109.858,21.9716,2024-04-03,2024-04-03,616,Standard
17990,7,744.595,106.370714286,2024-12-07,2024-05-15,368,Standard
14794,4,213.576,53.394,2024-12-08,2024-12-08,367,Standard
15421,7,166.067,23.723857143,2024-12-13,2024-12-13,362,Standard
17524,9,676.81,75.201111111,2024-05-17,2024-05-17,572,Standard
16407,7,270.488,38.641142857,2024-11-30,2024-11-30,375,Standard
16839,20,704.623,35.23115,2024-04-10,2024-02-08,609,Standard
15218,13,1165.177,89.629,2024-10-20,2024-10-19,416,Standard
15057,13,1412.402,108.646307692,2024-11-16,2024-11-16,389,Standard
16560,8,995.141,124.392625,2024-06-19,2024-06-19,539,Standard
16419,12,692.436,57.703,2024-06-12,2024-06-12,546,Standard
14534,10,1457.35,145.735,2024-10-22,2024-10-22,414,Standard
16303,15,558.09,37.206,2024-08-15,2024-08-15,482,Standard
15288,8,1076.022,134.50275,2024-04-17,2024-04-17,602,Standard
16083,10,244.362,24.4362,2024-05-24,2024-05-24,565,Standard
14898,7,952.541,136.077285714,2024-12-09,2024-04-19,366,Standard
15589,6,369.131,61.521833333,2024-11-12,2024-11-12,393,Standard
15270,4,321.705,80.42625,2024-12-13,2024-12-13,362,Standard
13846,8,315.319,39.414875,2024-02-06,2024-02-06,673,Standard
15769,5,117.303,23.4606,2024-07-20,2024-06-08,508,Standard
14543,4,703.8,175.95,2024-10-20,2024-04-27,416,Standard
15835,7,205.792,29.398857143,2024-08-26,2024-08-26,471,Standard
13255,3,542.426,180.808666667,2024-05-01,2024-05-01,588,Standard
14621,7,397.399,56.771285714,2024-06-16,2024-06-16,542,Standard
12820,6,442.539,73.7565,2024-11-09,2024-11-09,396,Standard
14209,8,388.064,48.508,2024-08-19,2024-08-19,478,Standard
14560,10,684.089,68.4089,2024-12-21,2024-06-24,354,Standard
15922,6,167.372,27.895333333,2024-10-01,2024-10-01,435,Standard
16306,9,83.447,9.271888889,2024-03-24,2024-01-08,626,Standard
12373,4,83.591,20.89775,2024-07-12,2024-07-12,516,Standard
14090,2,21.565,10.7825,2024-09-20,2024-09-20,446,Standard
15940,2,108.745,54.3725,2024-10-12,2024-10-12,424,Standard
12500,4,46.43,11.6075,2024-08-13,2024-08-13,484,Standard
16037,9,390.638,43.404222222,2024-06-13,2024-06-13,545,Standard
14389,6,194.59,32.431666667,2024-10-23,2024-10-23,413,Standard
17076,4,459.661,114.91525,2024-04-23,2024-04-23,596,Standard
14150,3,283.573,94.524333333,2024-03-06,2024-03-06,644,Standard
12967,7,259.673,37.096142857,2024-06-23,2024-01-31,535,Standard
15222,5,895.3,179.06,2024-10-17,2024-10-17,419,Standard
12402,6,319.305,53.2175,2024-09-28,2024-09-28,438,Standard
17905,9,408.33,45.37,2024-09-01,2024-07-14,465,Standard
15752,8,949.609,118.701125,2024-01-17,2024-01-17,693,Standard
13527,4,28.252,7.063,2024-08-09,2024-08-09,488,Standard
15781,2,13.839,6.9195,2024-12-31,2024-12-31,344,Standard
15680,16,965.699,60.3561875,2024-06-04,2024-06-04,554,Standard
13117,15,951.582,63.4388,2024-10-17,2024-01-23,419,Standard
17430,4,782.5,195.625,2024-04-15,2024-04-15,604,Standard
18075,13,1230.644,94.664923077,2024-11-16,2024-05-23,389,Standard
12490,20,1281.156,64.0578,2024-08-30,2024-08-30,467,Standard
14589,2,143.76,71.88,2024-02-02,2024-02-02,677,Standard
14439,13,736.868,56.682153846,2024-10-13,2024-10-13,423,Standard
12939,4,146.49,36.6225,2024-08-08,2024-08-08,489,Standard
15607,3,452.8,150.933333333,2024-03-08,2024-03-08,642,Standard
16583,9,656.919,72.991,2024-05-01,2024-05-01,588,Standard
14188,8,589.281,73.660125,2024-12-13,2024-12-13,362,Standard
15395,5,754.39,150.878,2024-09-15,2024-09-15,451,Standard
16718,20,1179.865,58.99325,2024-02-22,2024-02-21,657,Standard
16365,3,249.9,83.3,2024-03-27,2024-03-27,623,Standard
15811,7,420.053,60.007571429,2024-06-28,2024-04-19,530,Standard
15938,4,933.6,233.4,2024-09-26,2024-09-26,440,Standard
16858,7,18.509,2.644142857,2024-04-03,2024-04-03,616,Standard
13369,5,306.972,61.3944,2024-12-04,2024-12-04,371,Standard
13209,13,147.778,11.367538462,2024-12-09,2024-12-05,366,Standard
14215,27,998.435,36.979074074,2024-11-21,2024-03-18,384,Standard
16889,27,1635.906,60.589111111,2024-02-08,2024-02-08,671,Standard
15581,19,778.917,40.995631579,2024-11-07,2024-03-07,398,Standard
12709,20,1253.261,62.66305,2024-10-24,2024-03-27,412,Standard
13162,19,1156.866,60.887684211,2024-08-22,2024-07-08,475,Standard
14825,6,235.882,39.313666667,2024-08-03,2024-06-14,494,Standard
17744,27,1139.462,42.202296296,2024-09-30,2024-06-18,436,Standard
14220,6,304.566,50.761,2024-06-22,2024-06-22,536,Standard
13758,13,733.005,56.385,2024-08-08,2024-05-01,489,Standard
12989,2,283.1,141.55,2024-04-29,2024-04-29,590,Standard
12673,12,1058.567,88.213916667,2024-09-09,2024-09-09,457,Standard
13418,21,1410.844,67.183047619,2024-08-06,2024-01-18,491,Standard
15093,14,1216.237,86.874071429,2024-07-23,2024-01-30,505,Standard
12421,9,1561.491,173.499,2024-10-16,2024-10-16,420,Standard
18190,4,358.952,89.738,2024-08-26,2024-08-26,471,Standard
17356,8,479.621,59.952625,2024-05-12,2024-05-12,577,Standard
13497,5,217.679,43.5358,2024-06-03,2024-06-03,555,Standard
13802,11,424.49,38.59,2024-06-12,2024-06-12,546,Standard
14738,3,451.992,150.664,2024-11-11,2024-11-11,394,Standard
16679,2,57.003,28.5015,2024-05-04,2024-05-04,585,Standard
16552,2,36.189,18.0945,2024-07-01,2024-07-01,527,Standard
14409,6,1013.461,168.910166667,2024-10-19,2024-03-16,417,Standard
12594,2,5.95,2.975,2024-09-30,2024-09-30,436,Standard
17802,2,145,72.5,2024-01-24,2024-01-24,686,Standard
12728,4,230.072,57.518,2024-08-19,2024-08-19,478,Standard
15227,4,633.152,158.288,2024-03-11,2024-03-11,639,Standard
12586,2,32.283,16.1415,2024-04-03,2024-04-03,616,Standard
17560,5,160.51,32.102,2024-12-12,2024-12-12,363,Standard
13984,2,32.281,16.1405,2024-08-04,2024-08-04,493,Standard
15732,3,294.821,98.273666667,2024-01-25,2024-01-25,685,Standard
17311,12,1583,131.916666667,2024-07-11,2024-07-11,517,Standard
13873,2,118.867,59.4335,2024-12-15,2024-12-15,360,Standard
15854,14,1260.864,90.061714286,2024-08-12,2024-04-09,485,Standard
