CUSTOMER_ID,RECENCY,FREQUENCY,MONETARY,CUSTOMER_SEGMENT
13700,576,8,438.16,Churn Risk
12437,469,7,537.28,Churn Risk
12967,675,7,272.7,Churn Risk
14952,586,7,381.35,Churn Risk
16351,476,4,143.17,Churn Risk
12471,425,59,5510.16,Churn Risk
16378,359,4,626.88,Churn Risk
17035,512,14,1254.7,Churn Risk
17018,448,3,182.58,Churn Risk
16996,364,3,12.68,Churn Risk
14491,685,2,204.67,Churn Risk
18171,480,5,501.75,Churn Risk
17540,360,4,166.2,Churn Risk
16321,,,,Others
14889,546,6,326.99,Churn Risk
14907,561,25,2872.64,Churn Risk
18144,557,5,411.62,Churn Risk
17555,454,28,2095.31,Churn Risk
14243,428,24,1423.53,Churn Risk
14264,676,1,11.34,Churn Risk
18193,,,,Others
18223,453,29,2588.51,Churn Risk
15482,541,1,79.5,Churn Risk
17619,694,47,3282.1,Churn Risk
14236,675,2,39.6,Churn Risk
14525,392,9,745.35,Churn Risk
17504,696,15,596.26,Churn Risk
14389,409,6,215.99,Churn Risk
12480,546,19,191.84,Churn Risk
17760,693,5,588.84,Churn Risk
12931,525,1,2.39,Churn Risk
17809,613,7,494.71,Churn Risk
12370,559,40,2007.53,Churn Risk
17062,379,39,3556.47,Churn Risk
13050,455,42,4343.32,Churn Risk
13725,348,17,2472.42,Churn Risk
13668,516,27,1833.5,Churn Risk
15038,369,16,1105.91,Churn Risk
15789,535,14,924.4,Churn Risk
15732,681,3,310.5,Churn Risk
15626,463,10,422.71,Churn Risk
13829,365,1,16.99,Churn Risk
15062,395,4,161.27,Churn Risk
16905,704,6,694.88,Churn Risk
15589,389,6,527.33,Churn Risk
17158,556,10,733.74,Churn Risk
16503,554,25,2048.65,Churn Risk
12347,622,35,8164.55,Churn Risk
13527,484,4,40.36,Churn Risk
16493,463,6,30.17,Churn Risk
14404,545,21,1176.77,Churn Risk
12583,667,19,1477.52,Churn Risk
14766,,,,Others
16186,681,11,312.34,Churn Risk
13983,362,18,1643.33,Churn Risk
16893,616,29,2446.12,Churn Risk
18050,456,1,149,Churn Risk
18032,393,3,25.69,Churn Risk
16153,578,4,295.98,Churn Risk
14135,453,37,1646.89,Churn Risk
17643,370,5,167.08,Churn Risk
14741,689,8,202.36,Churn Risk
17671,597,13,362.74,Churn Risk
17790,529,11,933.53,Churn Risk
14639,568,14,1255.66,Churn Risk
17389,,,,Others
17519,629,8,734.15,Churn Risk
17287,625,9,849.58,Churn Risk
17894,518,50,4370.34,Churn Risk
14502,374,29,2571.76,Churn Risk
16033,555,77,4138.58,Churn Risk
15456,395,12,617.91,Churn Risk
12793,454,20,2098.68,Churn Risk
15759,534,6,81.78,Churn Risk
15311,362,266,28074.04,Churn Risk
12947,698,16,2080.98,Churn Risk
17189,365,22,1675.39,Churn Risk
15898,582,31,2621.42,Churn Risk
15197,532,2,27.18,Churn Risk
13077,520,6,371.98,Churn Risk
15052,415,14,1392.23,Churn Risk
15606,440,9,506.17,Churn Risk
13846,669,8,372.19,Churn Risk
16365,619,3,357,Churn Risk
15046,500,20,2367.73,Churn Risk
17714,575,6,372.69,Churn Risk
15719,496,88,7862.16,Churn Risk
15535,576,17,2660.27,Churn Risk
17569,472,9,591.58,Churn Risk
13693,444,5,68.34,Churn Risk
14916,438,8,963.94,Churn Risk
18283,495,50,3366.69,Churn Risk
14976,484,8,687.17,Churn Risk
16333,355,1,249.75,Churn Risk
15555,647,48,3019.41,Churn Risk
17048,468,7,403.68,Churn Risk
17001,415,15,562.5,Churn Risk
16393,549,10,585.07,Churn Risk
17025,692,2,276.48,Churn Risk
17591,621,55,3197.77,Churn Risk
17526,,,,Others
15018,,,,Others
14898,362,7,1069.63,Churn Risk
14307,439,39,3282.76,Churn Risk
17609,515,57,3304.88,Churn Risk
17525,548,6,324.33,Churn Risk
18156,658,25,1374.59,Churn Risk
17551,456,22,1263.84,Churn Risk
14239,360,3,46.73,Churn Risk
17585,500,8,1344.66,Churn Risk
18178,587,14,434.87,Churn Risk
18229,463,9,899.06,Churn Risk
15032,611,14,1038.16,Churn Risk
14514,468,13,678.96,Churn Risk
17085,547,34,2565.66,Churn Risk
13615,414,10,627.42,Churn Risk
16271,534,9,402.92,Churn Risk
17511,548,112,9273.63,Churn Risk
17771,434,15,1715.88,Churn Risk
16945,532,6,214.19,Churn Risk
16983,658,6,354.13,Churn Risk
16424,,,,Others
15465,516,12,484.14,Churn Risk
15615,365,25,2622.11,Churn Risk
18256,578,2,28.78,Churn Risk
17105,341,15,1998.07,Churn Risk
15823,496,9,290.29,Churn Risk
15845,698,3,2205.13,Churn Risk
13709,380,14,1437.98,Churn Risk
15749,474,4,475.5,Churn Risk
13798,670,50,5095.15,Churn Risk
15780,528,6,1072.99,Churn Risk
15694,397,11,1770.44,Churn Risk
15601,607,87,6322.42,Churn Risk
15157,536,22,1006.08,Churn Risk
15661,503,2,825,Churn Risk
15059,485,14,1635.32,Churn Risk
14784,,,,Others
13538,384,3,16.77,Churn Risk
15862,645,29,3647.95,Churn Risk
17430,600,4,843,Churn Risk
16222,406,71,4913.94,Churn Risk
16203,680,5,1074.98,Churn Risk
17239,374,6,1344.78,Churn Risk
16094,,,,Others
17135,675,6,880.82,Churn Risk
16519,597,4,48.95,Churn Risk
16916,683,25,1470.95,Churn Risk
17841,545,299,26613.5,Churn Risk
15415,376,27,4406.99,Churn Risk
17412,678,9,1025.67,Churn Risk
16889,667,27,1932.4,Churn Risk
14589,673,2,179.7,Churn Risk
16927,,,,Others
14533,511,5,991.56,Churn Risk
17470,627,4,793,Churn Risk
18075,562,13,1316.34,Churn Risk
14775,677,9,826.25,Churn Risk
14841,541,6,627.81,Churn Risk
17674,612,4,52.95,Churn Risk
17629,640,11,1065.55,Churn Risk
17685,697,23,1828.31,Churn Risk
15805,593,8,1581.28,Churn Risk
15350,431,1,122.77,Churn Risk
16143,517,9,1458.33,Churn Risk
14867,516,7,144.72,Churn Risk
17218,393,56,4333.05,Churn Risk
16306,698,9,105.22,Churn Risk
17069,578,16,1457.13,Churn Risk
15939,470,6,409.31,Churn Risk
17865,701,16,1635.56,Churn Risk
16470,540,18,1125.53,Churn Risk
15498,550,91,6586.06,Churn Risk
17320,628,5,140.56,Churn Risk
16065,600,35,3264.19,Churn Risk
17816,,,,Others
17742,476,4,268.35,Churn Risk
16532,,,,Others
16596,428,3,32.88,Churn Risk
16684,524,26,1970.58,Churn Risk
15579,378,7,1181.99,Churn Risk
15641,456,12,899.55,Churn Risk
12970,605,5,335.7,Churn Risk
14295,475,1,199,Churn Risk
12434,,,,Others
17722,671,44,3685.62,Churn Risk
15545,430,11,1252.81,Churn Risk
12451,443,49,4649.31,Churn Risk
17560,359,5,229.3,Churn Risk
12957,507,13,359.4,Churn Risk
17707,607,1,10.63,Churn Risk
13680,667,51,3270.85,Churn Risk
14961,698,25,2289.48,Churn Risk
12980,470,5,1013.15,Churn Risk
17732,689,14,1531.72,Churn Risk
12431,527,23,2684,Churn Risk
15532,533,27,3029.73,Churn Risk
17027,695,16,1019.02,Churn Risk
15527,455,17,983.1,Churn Risk
14896,601,14,850.93,Churn Risk
16385,611,9,238.6,Churn Risk
15514,701,58,2830.59,Churn Risk
17596,490,30,2616.38,Churn Risk
16327,655,45,3917.23,Churn Risk
14487,633,4,332.69,Churn Risk
14312,493,18,1301.25,Churn Risk
14257,413,13,1602.97,Churn Risk
15002,624,34,1933.51,Churn Risk
14497,352,15,1693.62,Churn Risk
14341,406,8,449.1,Churn Risk
14329,666,33,1185.25,Churn Risk
17580,371,23,2585.01,Churn Risk
15012,461,28,2529.26,Churn Risk
14270,471,12,403.34,Churn Risk
18179,362,22,1242.43,Churn Risk
18136,418,7,962.77,Churn Risk
14299,486,9,1372.59,Churn Risk
17618,396,21,923.26,Churn Risk
14290,366,12,1279.16,Churn Risk
18225,,,,Others
14238,362,3,707.78,Churn Risk
17076,592,4,508.78,Churn Risk
18212,448,21,1460.6,Churn Risk
16282,507,5,419.4,Churn Risk
15101,518,3,216.96,Churn Risk
14849,409,27,3200.31,Churn Risk
13769,362,16,1761.43,Churn Risk
13030,631,36,1199.42,Churn Risk
13021,541,4,205.21,Churn Risk
12393,462,11,1479.85,Churn Risk
12402,434,6,456.15,Churn Risk
16938,350,8,957.08,Churn Risk
12913,628,3,109.57,Churn Risk
15512,548,2,21.54,Churn Risk
12877,462,12,1258.74,Churn Risk
12494,367,3,138.59,Churn Risk
13584,342,13,1296.67,Churn Risk
12501,638,66,4415.77,Churn Risk
17800,424,4,66.17,Churn Risk
16405,,,,Others
12939,485,4,164.52,Churn Risk
12476,373,14,1844.46,Churn Risk
12356,447,18,999.29,Churn Risk
13065,690,8,710.73,Churn Risk
12421,416,9,1731.97,Churn Risk
13001,392,20,1681,Churn Risk
15044,427,53,3896.72,Churn Risk
16992,357,1,42.39,Churn Risk
13082,500,4,655,Churn Risk
16402,651,21,1699.28,Churn Risk
12839,525,17,1073.58,Churn Risk
16455,564,14,728.12,Churn Risk
14426,518,24,1434.77,Churn Risk
18260,393,16,833.25,Churn Risk
13304,509,12,478.29,Churn Risk
15160,527,2,245.99,Churn Risk
15189,475,3,342.44,Churn Risk
13802,542,11,571.1,Churn Risk
18062,498,1,10.63,Churn Risk
17118,402,5,758.59,Churn Risk
12997,380,11,375.93,Churn Risk
15447,466,1,39.19,Churn Risk
13579,672,2,65.98,Churn Risk
12574,385,9,1464.4,Churn Risk
12423,364,11,692.09,Churn Risk
12820,392,6,543.27,Churn Risk
13629,420,1,355.74,Churn Risk
12551,528,5,907.38,Churn Risk
15820,418,12,1369.94,Churn Risk
14411,389,8,184.42,Churn Risk
15708,485,51,5294.09,Churn Risk
13764,494,24,1314.57,Churn Risk
15093,676,14,1315.95,Churn Risk
15658,688,21,2886.16,Churn Risk
12734,511,3,51.36,Churn Risk
17235,683,4,921.27,Churn Risk
14544,570,34,2468.78,Churn Risk
12754,350,15,1827.88,Churn Risk
14224,422,23,2108.74,Churn Risk
17446,358,1,20.39,Churn Risk
14621,538,7,493.66,Churn Risk
15856,525,24,2317.55,Churn Risk
12764,543,23,2845.83,Churn Risk
14553,505,10,109.15,Churn Risk
14438,340,7,259.22,Churn Risk
12782,404,28,2217.56,Churn Risk
12530,667,3,210.2,Churn Risk
12853,384,14,1151.71,Churn Risk
14150,640,3,337.39,Churn Risk
15392,669,11,1313.13,Churn Risk
17861,419,5,760.2,Churn Risk
16110,450,55,6862.47,Churn Risk
17850,680,133,14874.04,Churn Risk
18092,547,6,305.76,Churn Risk
14448,670,12,517,Churn Risk
14825,490,6,328.75,Churn Risk
16241,369,24,1682.16,Churn Risk
17457,351,4,482.86,Churn Risk
16725,365,67,5696.83,Churn Risk
14800,485,80,5041,Churn Risk
14576,,,,Others
12738,676,5,1011.02,Churn Risk
18109,670,25,1364.08,Churn Risk
14188,358,8,747.93,Churn Risk
17692,487,10,854.47,Churn Risk
14206,563,1,298,Churn Risk
16556,555,10,1321.96,Churn Risk
14213,675,3,45.77,Churn Risk
13233,577,11,666.6,Churn Risk
14175,462,6,925.43,Churn Risk
13784,472,5,195.28,Churn Risk
12609,405,9,279.1,Churn Risk
18119,625,12,596.85,Churn Risk
13600,663,5,277.73,Churn Risk
16850,479,8,503.35,Churn Risk
13451,393,24,866.95,Churn Risk
12414,357,2,125.36,Churn Risk
16262,561,1,395,Churn Risk
15023,651,64,3748.41,Churn Risk
18239,676,29,2813.42,Churn Risk
17094,405,7,1098.96,Churn Risk
16950,,,,Others
12515,511,3,26.15,Churn Risk
16411,652,6,192.26,Churn Risk
12870,550,1,24.64,Churn Risk
15366,534,2,265.19,Churn Risk
15246,541,7,142.27,Churn Risk
15835,467,7,256.54,Churn Risk
13008,434,6,565.59,Churn Risk
16716,420,1,48.92,Churn Risk
15111,686,7,1208.25,Churn Risk
13911,344,10,1201.2,Churn Risk
13113,581,28,12404.77,Churn Risk
15680,550,16,1040.84,Churn Risk
16367,549,19,866.03,Churn Risk
17572,,,,Others
13694,467,52,2416.08,Churn Risk
14932,602,7,291.19,Churn Risk
12989,586,2,298,Churn Risk
12429,602,8,944.88,Churn Risk
18277,409,1,298,Churn Risk
12951,467,19,494.73,Churn Risk
12468,421,3,155.49,Churn Risk
17033,518,4,292.97,Churn Risk
15544,684,13,1125.68,Churn Risk
16353,486,4,254,Churn Risk
16395,465,29,3576.7,Churn Risk
12921,619,31,2865.41,Churn Risk
14293,612,7,174.25,Churn Risk
16997,447,1,395,Churn Risk
15723,589,22,1631.27,Churn Risk
17017,700,36,3197.68,Churn Risk
15218,412,13,1276.53,Churn Risk
14321,479,15,1868,Churn Risk
12956,340,8,938.8,Churn Risk
17980,395,6,346.34,Churn Risk
17547,681,1,153.71,Churn Risk
17730,362,8,601.96,Churn Risk
14368,361,4,946,Churn Risk
15529,615,39,4172.51,Churn Risk
14031,698,30,2270.41,Churn Risk
12464,353,3,962.24,Churn Risk
12725,460,12,3773.43,Churn Risk
14496,693,17,303.94,Churn Risk
15563,540,15,1062.31,Churn Risk
16326,454,23,1014.59,Churn Risk
17044,365,2,29.98,Churn Risk
13494,542,10,725.33,Churn Risk
14895,,,,Others
15005,393,80,5569.64,Churn Risk
14472,485,30,3378,Churn Risk
14978,401,35,2322.41,Churn Risk
18145,373,19,1227.37,Churn Risk
12484,607,54,2496.31,Churn Risk
15513,397,25,1635.63,Churn Risk
14911,363,256,23816.69,Churn Risk
13198,366,39,3286.77,Churn Risk
14256,588,15,932.66,Churn Risk
13754,635,5,943.98,Churn Risk
14242,448,1,238,Churn Risk
17548,645,2,430.19,Churn Risk
13565,393,5,352.97,Churn Risk
18190,467,4,369.19,Churn Risk
13269,567,12,839.8,Churn Risk
17604,663,14,2031.3,Churn Risk
13652,612,6,118.94,Churn Risk
18219,612,10,485.93,Churn Risk
18176,364,14,1568.76,Churn Risk
17787,435,34,2485.87,Churn Risk
15808,341,89,9171.72,Churn Risk
18202,481,11,1985.76,Churn Risk
14355,602,6,816.85,Churn Risk
12383,469,31,2215.51,Churn Risk
14309,432,7,81.3,Churn Risk
14871,560,14,297.63,Churn Risk
17576,564,20,2290.23,Churn Risk
14282,625,4,523.98,Churn Risk
14505,366,95,5545.3,Churn Risk
15167,483,25,1121.32,Churn Risk
17602,437,46,5397.5,Churn Risk
17517,349,5,625.43,Churn Risk
18226,498,12,692.16,Churn Risk
14292,448,3,581.2,Churn Risk
13047,353,20,1451.02,Churn Risk
15502,703,21,2170.3,Churn Risk
16949,482,1,99,Churn Risk
13963,345,19,2811.13,Churn Risk
15460,394,24,3063.31,Churn Risk
12441,617,9,1295.18,Churn Risk
18125,388,44,7398.6,Churn Risk
15769,546,5,129.28,Churn Risk
13094,612,3,211.58,Churn Risk
13782,576,15,1484.89,Churn Risk
14298,607,127,8584.67,Churn Risk
13815,410,26,2833.9,Churn Risk
15024,624,28,2374.44,Churn Risk
13817,510,6,73.14,Churn Risk
17739,554,9,579.14,Churn Risk
12971,428,17,1004.22,Churn Risk
13599,606,13,616.95,Churn Risk
13140,520,12,399.2,Churn Risk
13649,520,8,215.66,Churn Risk
13705,645,7,530,Churn Risk
12413,493,9,776.71,Churn Risk
15165,400,13,761.22,Churn Risk
15079,397,15,2586.35,Churn Risk
13011,676,3,219.55,Churn Risk
12963,397,4,297.73,Churn Risk
15607,638,3,566,Churn Risk
13874,532,9,363.12,Churn Risk
16265,591,20,1150.32,Churn Risk
12433,428,67,5316.56,Churn Risk
15646,677,11,766.11,Churn Risk
12483,506,4,144.98,Churn Risk
15547,457,48,3580.69,Churn Risk
17708,442,16,1619.07,Churn Risk
15048,521,11,619.92,Churn Risk
15518,409,36,2527.39,Churn Risk
16359,471,4,60.46,Churn Risk
17091,442,27,1059.39,Churn Risk
18065,586,9,562.75,Churn Risk
18168,579,22,1337.21,Churn Risk
17567,680,14,720.25,Churn Risk
16904,624,33,3641.82,Churn Risk
16315,466,7,110.85,Churn Risk
14320,477,13,1004.82,Churn Risk
13707,381,14,1860.4,Churn Risk
15180,622,2,137.99,Churn Risk
14258,497,18,879.42,Churn Risk
14970,451,3,1309.59,Churn Risk
12928,395,10,166.91,Churn Risk
14334,533,20,1331.45,Churn Risk
14913,456,5,106.15,Churn Risk
12872,515,37,2151.91,Churn Risk
13539,352,3,333.31,Churn Risk
14248,,,,Others
17041,561,8,342.02,Churn Risk
17068,372,27,1551.3,Churn Risk
16206,576,12,816.59,Churn Risk
18233,,,,Others
16350,597,10,529.04,Churn Risk
12510,444,9,737.34,Churn Risk
17128,454,4,151.57,Churn Risk
14373,,,,Others
16387,665,2,19.99,Churn Risk
16520,599,36,4716.07,Churn Risk
16419,542,12,773.61,Churn Risk
13611,640,6,243.27,Churn Risk
17188,488,17,2144.58,Churn Risk
17735,402,24,2776.33,Churn Risk
16473,667,5,220.62,Churn Risk
12489,638,4,27.18,Churn Risk
16496,574,16,2120.8,Churn Risk
15549,379,36,5097.79,Churn Risk
15687,464,17,1394.56,Churn Risk
18118,587,123,7964.36,Churn Risk
13523,550,11,712.52,Churn Risk
15525,461,24,2980.43,Churn Risk
13742,422,45,3383.86,Churn Risk
15443,483,24,1333.89,Churn Risk
12916,544,23,2752.88,Churn Risk
17019,368,43,3902.48,Churn Risk
17812,628,20,836.17,Churn Risk
13034,647,5,199.1,Churn Risk
12779,515,21,1462.34,Churn Risk
17007,527,4,421.79,Churn Risk
18044,560,1,20.99,Churn Risk
12386,496,8,269.24,Churn Risk
12377,578,34,3793.31,Churn Risk
17593,511,10,391.34,Churn Risk
16885,525,16,2731.79,Churn Risk
12523,471,7,497.77,Churn Risk
15838,,,,Others
16401,576,2,17.98,Churn Risk
16156,359,11,827.59,Churn Risk
12868,468,21,1675.18,Churn Risk
13048,545,21,2129.58,Churn Risk
14534,410,10,1539.75,Churn Risk
16316,535,12,1017.26,Churn Risk
13569,625,14,911.65,Churn Risk
15110,412,4,1122.04,Churn Risk
18037,366,3,157.24,Churn Risk
14985,530,27,2999.9,Churn Risk
12944,547,6,332.39,Churn Risk
14401,669,8,967.1,Churn Risk
15078,517,30,1520.98,Churn Risk
14901,617,31,3075.78,Churn Risk
14744,371,10,1122.96,Churn Risk
12472,402,71,6404.64,Churn Risk
14419,590,12,674.2,Churn Risk
17530,593,29,2468.31,Churn Risk
14776,372,13,1603.03,Churn Risk
13756,700,6,536.38,Churn Risk
12753,698,30,1279.57,Churn Risk
14618,520,3,273.18,Churn Risk
17552,675,5,410.31,Churn Risk
12415,498,21,1725.64,Churn Risk
18074,674,4,437.61,Churn Risk
14221,505,6,288.96,Churn Risk
17524,568,9,761.7,Churn Risk
13656,493,14,643.32,Churn Risk
14573,675,36,3222.54,Churn Risk
14133,384,8,1119.97,Churn Risk
13004,530,37,3081.18,Churn Risk
14524,562,14,402.82,Churn Risk
15864,386,2,398,Churn Risk
14878,539,11,476.7,Churn Risk
18004,427,19,1983.58,Churn Risk
14560,530,10,913.8,Churn Risk
12712,367,25,1347.1,Churn Risk
17581,462,35,2889.02,Churn Risk
17243,516,28,3218.34,Churn Risk
15332,550,22,1912.8,Churn Risk
18161,419,9,240.74,Churn Risk
15081,620,5,384.56,Churn Risk
13564,394,39,3747.44,Churn Risk
17802,682,2,147.47,Churn Risk
17611,438,107,8984.67,Churn Risk
13069,454,68,3415.27,Churn Risk
15370,476,3,12.07,Churn Risk
17769,544,15,2018.03,Churn Risk
18198,607,15,1385.26,Churn Risk
15139,638,3,214.18,Churn Risk
15384,579,8,919.26,Churn Risk
17884,673,46,4369.99,Churn Risk
13819,352,10,1628.13,Churn Risk
15468,562,2,16.28,Churn Risk
18230,597,1,119,Churn Risk
17838,679,17,1785.97,Churn Risk
15208,364,2,32.62,Churn Risk
12348,532,11,468.54,Churn Risk
17796,485,44,4901.05,Churn Risk
15421,358,7,218.03,Churn Risk
13502,436,6,148.14,Churn Risk
15799,393,13,331.78,Churn Risk
13672,479,2,22.39,Churn Risk
14866,,,,Others
13715,488,58,3627.61,Churn Risk
15039,551,162,12415.73,Churn Risk
14501,361,2,448,Churn Risk
13831,659,1,298,Churn Risk
17071,356,10,1089.81,Churn Risk
15061,518,79,8862.51,Churn Risk
15171,468,3,26,Churn Risk
13862,472,13,1729.49,Churn Risk
13786,623,2,188.64,Churn Risk
12666,456,1,18.99,Churn Risk
15057,385,13,1586.9,Churn Risk
14068,391,13,1276.64,Churn Risk
13089,517,188,15052.77,Churn Risk
15296,423,28,2875.93,Churn Risk
17860,459,31,1599.65,Churn Risk
13295,579,6,273.96,Churn Risk
14081,672,35,2488.44,Churn Risk
15021,616,33,1939.36,Churn Risk
12664,665,2,498,Churn Risk
12744,408,21,3983.15,Churn Risk
18095,372,8,368.26,Churn Risk
16303,478,15,639.71,Churn Risk
16795,597,36,2324.21,Churn Risk
14413,457,11,1341.92,Churn Risk
18245,578,23,2743.56,Churn Risk
14443,582,21,968.53,Churn Risk
16655,471,17,1012.56,Churn Risk
12567,350,75,5922.15,Churn Risk
17095,516,10,66.33,Churn Risk
17965,672,37,2130.36,Churn Risk
12854,408,17,1734.57,Churn Risk
12731,374,23,5528.83,Churn Risk
16928,693,2,426.42,Churn Risk
17961,364,39,1718.15,Churn Risk
14594,400,17,3227.96,Churn Risk
14439,419,13,783.01,Churn Risk
15967,412,17,1059.32,Churn Risk
16458,561,8,430.8,Churn Risk
15973,617,1,7.19,Churn Risk
12838,584,30,1564.86,Churn Risk
15497,361,5,260.16,Churn Risk
16926,613,5,130.57,Churn Risk
13327,596,14,557.01,Churn Risk
12528,374,18,2832,Churn Risk
16954,640,5,292.63,Churn Risk
16244,686,36,2953.47,Churn Risk
12826,440,23,2867.45,Churn Risk
16409,635,21,2278.56,Churn Risk
12553,462,16,761.09,Churn Risk
15454,427,11,592.46,Churn Risk
14215,464,27,1145.63,Churn Risk
15831,438,7,538.32,Churn Risk
17343,578,5,259.23,Churn Risk
12766,393,50,1968.4,Churn Risk
14543,588,4,771,Churn Risk
17340,394,73,3846.45,Churn Risk
15752,689,8,1023.45,Churn Risk
13984,489,2,33.98,Churn Risk
13408,365,40,3799.16,Churn Risk
18106,462,20,2298.12,Churn Risk
17744,432,27,1235.21,Churn Risk
12726,527,13,1544.48,Churn Risk
13402,676,9,497.05,Churn Risk
14805,379,10,1221.67,Churn Risk
15605,431,5,1009.98,Churn Risk
14156,637,42,4932.17,Churn Risk
17913,524,21,817.84,Churn Risk
14167,468,7,292.99,Churn Risk
15716,658,20,1128.25,Churn Risk
16755,384,6,693.07,Churn Risk
14189,551,30,2410.74,Churn Risk
14713,432,42,4124.74,Churn Risk
15640,578,57,5908.71,Churn Risk
13027,517,1,25.58,Churn Risk
14205,598,10,846.17,Churn Risk
14037,588,17,952.41,Churn Risk
15673,515,23,748.17,Churn Risk
16274,693,38,3820.74,Churn Risk
12693,418,2,744,Churn Risk
14237,461,8,810.64,Churn Risk
16112,504,5,674.79,Churn Risk
13890,541,6,562.4,Churn Risk
14672,546,19,1054.46,Churn Risk
14390,686,15,1399.97,Churn Risk
14782,419,3,462.97,Churn Risk
14113,547,5,793,Churn Risk
15596,362,25,1477.21,Churn Risk
17449,579,35,3111.33,Churn Risk
13473,477,10,212.04,Churn Risk
14708,521,10,1092.75,Churn Risk
15854,606,14,1472.87,Churn Risk
17999,520,22,2426.43,Churn Risk
17179,568,5,210,Churn Risk
16858,612,7,21.95,Churn Risk
14001,461,4,294.36,Churn Risk
15033,697,28,1130.22,Churn Risk
16221,625,9,491.26,Churn Risk
13230,594,41,3706.4,Churn Risk
12395,526,16,697.42,Churn Risk
15226,359,3,412.41,Churn Risk
15922,431,6,167.95,Churn Risk
16897,379,12,1887.78,Churn Risk
12594,432,2,7,Churn Risk
14842,344,1,11.2,Churn Risk
13115,,,,Others
17428,698,21,773.02,Churn Risk
12908,372,1,79,Churn Risk
13627,529,6,612.88,Churn Risk
16843,515,10,1060.86,Churn Risk
16125,620,7,890.93,Churn Risk
12637,436,38,2225.1,Churn Risk
17404,555,24,2073.25,Churn Risk
16550,632,22,2040.64,Churn Risk
16918,604,15,1893.87,Churn Risk
15339,409,25,3883.58,Churn Risk
14460,359,1,303.76,Churn Risk
15358,397,57,4634.23,Churn Risk
17819,488,6,136.17,Churn Risk
17373,373,12,1243.78,Churn Risk
13313,508,9,109.1,Churn Risk
16403,371,1,52.77,Churn Risk
17311,513,12,1835,Churn Risk
16500,,,,Others
12500,480,4,50.76,Churn Risk
16442,562,26,2386.6,Churn Risk
17880,591,13,1276.55,Churn Risk
13064,545,11,237.53,Churn Risk
17855,689,5,375.91,Churn Risk
16048,693,5,468.14,Churn Risk
15159,697,39,4430.56,Churn Risk
12422,442,8,879.64,Churn Risk
16086,624,7,682.18,Churn Risk
15365,381,8,1320.99,Churn Risk
13941,689,4,408.49,Churn Risk
12477,573,2,252.79,Churn Risk
16013,698,1,15.99,Churn Risk
17696,698,7,827.26,Churn Risk
16567,698,15,1455.1,Churn Risk
12935,416,16,438.13,Churn Risk
17256,694,3,353.7,Churn Risk
14821,619,1,119,Churn Risk
13581,352,6,283.93,Churn Risk
15211,595,15,584.37,Churn Risk
13000,591,3,360.99,Churn Risk
17418,435,5,335.41,Churn Risk
15240,675,8,1292.57,Churn Risk
15270,358,4,351.24,Churn Risk
12359,470,7,177.84,Churn Risk
16255,597,24,1659.35,Churn Risk
15880,652,52,7195.2,Churn Risk
13174,612,125,12077.15,Churn Risk
13767,700,49,3549.41,Churn Risk
17456,596,7,429.51,Churn Risk
15260,686,3,353.01,Churn Risk
13211,,,,Others
13800,353,17,1419.4,Churn Risk
13901,414,8,622.78,Churn Risk
16168,,,,Others
13284,468,8,237.3,Churn Risk
15100,535,1,745,Churn Risk
17491,625,5,99.26,Churn Risk
13253,505,6,58.25,Churn Risk
13090,432,6,1038.03,Churn Risk
17706,617,12,919.83,Churn Risk
13104,547,1,119,Churn Risk
13238,554,1,79,Churn Risk
17682,633,8,624.16,Churn Risk
17949,,,,Others
13922,510,3,11.99,Churn Risk
13126,617,18,951.12,Churn Risk
13110,420,9,355.42,Churn Risk
13148,364,68,9700.07,Churn Risk
17644,575,2,27.18,Churn Risk
13178,560,18,916.82,Churn Risk
13869,526,39,8275.47,Churn Risk
13145,,,,Others
15290,395,9,326.76,Churn Risk
17676,581,15,966.71,Churn Risk
17442,,,,Others
15987,612,5,156.94,Churn Risk
16782,579,53,5976.62,Churn Risk
17675,592,27,2933.99,Churn Risk
15179,416,21,1609.44,Churn Risk
14684,488,19,1498.73,Churn Risk
16618,636,17,2150.55,Churn Risk
14761,454,5,825.14,Churn Risk
14437,397,4,154.81,Churn Risk
17951,486,4,441.69,Churn Risk
16779,638,32,1894.76,Churn Risk
17659,677,7,448.34,Churn Risk
16210,366,22,1660.26,Churn Risk
15983,367,31,2623.89,Churn Risk
16607,541,3,576.77,Churn Risk
17082,405,10,134.06,Churn Risk
16638,666,9,254.52,Churn Risk
17126,580,31,2321.39,Churn Risk
17621,486,9,1324.97,Churn Risk
17362,355,7,678.42,Churn Risk
17920,380,56,5897.92,Churn Risk
16919,554,31,2646.21,Churn Risk
16705,547,33,1621.91,Churn Risk
12676,420,5,450,Churn Risk
17356,573,8,589.94,Churn Risk
16109,347,1,303.76,Churn Risk
16735,424,27,1585.78,Churn Risk
13385,463,20,1328.39,Churn Risk
12842,348,11,2330.15,Churn Risk
17338,469,52,2696.86,Churn Risk
17507,351,24,2969.35,Churn Risk
17334,351,5,850.53,Churn Risk
15426,650,51,3285.42,Churn Risk
13369,367,5,339.37,Churn Risk
17227,582,1,3.5,Churn Risk
17849,479,6,772.18,Churn Risk
14662,386,11,1922.8,Churn Risk
13319,364,42,2397.1,Churn Risk
16873,670,28,1049.99,Churn Risk
12539,363,81,8294.7,Churn Risk
14667,362,90,14997.86,Churn Risk
12649,597,1,12.79,Churn Risk
14540,352,4,392.02,Churn Risk
15919,551,24,1824.66,Churn Risk
14092,534,33,1512.1,Churn Risk
14159,610,22,649.86,Churn Risk
14088,636,45,5429.29,Churn Risk
17402,647,8,1188.9,Churn Risk
12645,421,8,1333.8,Churn Risk
18085,464,13,1095.52,Churn Risk
17975,617,51,4850.83,Churn Risk
17375,566,24,2480.68,Churn Risk
16767,421,27,3435.88,Churn Risk
12727,391,10,764.03,Churn Risk
16817,669,8,787.41,Churn Risk
16943,406,6,670.4,Churn Risk
12682,500,58,6591.87,Churn Risk
14577,610,20,1365.17,Churn Risk
16771,500,50,5563.32,Churn Risk
16985,378,21,3000.36,Churn Risk
14047,689,10,175.49,Churn Risk
16726,569,11,297.32,Churn Risk
14051,425,19,1045.29,Churn Risk
16043,404,13,986.58,Churn Risk
14828,667,2,238,Churn Risk
14044,354,19,3201.96,Churn Risk
14657,449,41,3902.89,Churn Risk
12755,,,,Others
12686,675,4,461.96,Churn Risk
16016,702,36,3586.56,Churn Risk
14692,605,13,1850.78,Churn Risk
14778,350,8,1193.63,Churn Risk
16835,690,5,437.85,Churn Risk
17306,635,4,101.99,Churn Risk
14732,506,5,102.66,Churn Risk
14209,474,8,448.73,Churn Risk
14101,,,,Others
16722,520,15,852.56,Churn Risk
15649,627,1,79,Churn Risk
17392,343,30,3283.45,Churn Risk
14723,531,52,3775.09,Churn Risk
12490,463,20,1474.76,Churn Risk
17381,612,6,1028.53,Churn Risk
15953,703,14,2248.52,Churn Risk
17303,569,21,506.44,Churn Risk
14466,683,10,1127.35,Churn Risk
16743,539,12,730.8,Churn Risk
17259,398,34,1763.99,Churn Risk
17888,401,10,423.26,Churn Risk
12915,684,6,762.97,Churn Risk
16133,405,7,714.35,Churn Risk
16730,416,3,550.7,Churn Risk
17059,657,57,4194.2,Churn Risk
16700,428,15,1557.38,Churn Risk
15224,488,15,303.27,Churn Risk
15351,399,23,7295.32,Churn Risk
14344,551,7,1005.84,Churn Risk
18259,581,1,10.39,Churn Risk
17897,620,37,2722.75,Churn Risk
16863,619,3,220.76,Churn Risk
17223,631,20,1527.44,Churn Risk
17114,485,16,1202.61,Churn Risk
16875,476,13,1460.96,Churn Risk
12625,355,34,3767.89,Churn Risk
15916,611,21,1571.04,Churn Risk
17204,547,1,119,Churn Risk
15899,612,2,212.96,Churn Risk
16546,677,6,1040.86,Churn Risk
16665,427,8,838.36,Churn Risk
17284,577,76,2750.3,Churn Risk
17075,401,8,169.03,Churn Risk
16145,669,20,892.77,Churn Risk
15881,585,15,2281.37,Churn Risk
13488,470,71,5609.53,Churn Risk
16030,355,9,851.06,Churn Risk
15738,373,27,1501.27,Churn Risk
16456,343,33,4320.34,Churn Risk
15221,658,3,100.77,Churn Risk
15356,562,58,4842.25,Churn Risk
16579,,,,Others
15822,487,6,352.9,Churn Risk
17288,536,4,466,Churn Risk
13576,494,17,646.55,Churn Risk
18008,410,6,60.18,Churn Risk
15781,340,2,19.77,Churn Risk
17890,566,54,3450.38,Churn Risk
17978,598,3,103.46,Churn Risk
15620,535,22,729.36,Churn Risk
13634,545,17,800.75,Churn Risk
16034,475,3,47.75,Churn Risk
17376,450,5,174.87,Churn Risk
15696,453,19,1366.99,Churn Risk
15570,697,77,10803.71,Churn Risk
15312,517,12,354.73,Churn Risk
15329,596,4,110.19,Churn Risk
15713,520,5,534.77,Churn Risk
15660,397,5,520.53,Churn Risk
15950,548,13,721.05,Churn Risk
17400,511,20,670.18,Churn Risk
15281,477,27,1983.39,Churn Risk
13102,454,40,4089.73,Churn Risk
17950,596,19,3638.56,Churn Risk
14060,579,24,2923.97,Churn Risk
17262,,,,Others
13255,584,3,566.98,Churn Risk
12672,463,6,82.16,Churn Risk
16781,681,8,852.2,Churn Risk
16019,667,14,341.64,Churn Risk
15894,649,15,1957.77,Churn Risk
15998,457,56,3573.65,Churn Risk
16634,676,4,280.58,Churn Risk
17863,652,25,1102.39,Churn Risk
15199,345,1,121.3,Churn Risk
15299,677,4,343.69,Churn Risk
17364,432,24,1095.03,Churn Risk
16042,596,2,198,Churn Risk
15304,,,,Others
17929,350,1,151.88,Churn Risk
15996,458,17,326.19,Churn Risk
15204,527,4,78.66,Churn Risk
15271,498,21,1322.72,Churn Risk
12652,468,24,1602.21,Churn Risk
17924,,,,Others
16010,519,16,2517.99,Churn Risk
13141,380,13,1332.04,Churn Risk
13848,,,,Others
13394,355,11,785.79,Churn Risk
17365,475,41,2104.46,Churn Risk
13136,596,1,119,Churn Risk
13939,542,5,849.69,Churn Risk
13330,384,4,492.74,Churn Risk
13329,486,6,286.99,Churn Risk
13209,362,13,166.73,Churn Risk
13187,698,16,440.84,Churn Risk
13396,417,10,700.76,Churn Risk
16816,376,10,1405.59,Churn Risk
15194,667,54,14795.83,Churn Risk
17371,566,4,878.18,Churn Risk
15955,687,7,1070.09,Churn Risk
17969,566,3,64.21,Churn Risk
13948,563,2,131.07,Churn Risk
17968,553,46,4368.36,Churn Risk
13267,547,27,9599.31,Churn Risk
14090,442,2,25.15,Churn Risk
16814,465,36,3032.13,Churn Risk
13842,667,33,1602.43,Churn Risk
12647,456,29,2019.96,Churn Risk
13097,700,29,1520.1,Churn Risk
16810,,,,Others
13883,,,,Others
14049,403,51,4040.11,Churn Risk
15882,368,13,1461.15,Churn Risk
13165,510,7,460.75,Churn Risk
12681,455,106,7833.62,Churn Risk
15266,501,5,633.4,Churn Risk
13161,377,3,64.37,Churn Risk
14083,425,40,3050.17,Churn Risk
16770,679,30,4588.67,Churn Risk
13270,520,1,79,Churn Risk
17147,603,7,565.98,Churn Risk
14701,451,29,4625.37,Churn Risk
14679,675,1,153.71,Churn Risk
16907,595,19,1921.93,Churn Risk
16745,341,28,2448.41,Churn Risk
16752,685,7,596.27,Churn Risk
15587,510,1,76.8,Churn Risk
14659,382,26,3020.73,Churn Risk
16746,576,24,1878.28,Churn Risk
13078,640,29,2446.8,Churn Risk
14735,434,20,2422.18,Churn Risk
18071,367,8,116.18,Churn Risk
16140,522,4,485.98,Churn Risk
14415,555,57,5392.09,Churn Risk
15347,520,1,15.19,Churn Risk
12346,,,,Others
17988,392,5,1045.43,Churn Risk
15938,436,4,993,Churn Risk
15227,635,4,704.19,Churn Risk
17827,589,53,2200.36,Churn Risk
15940,420,2,155.35,Churn Risk
13552,384,4,45.12,Churn Risk
17908,614,23,1339.61,Churn Risk
15361,366,4,118.16,Churn Risk
17420,674,2,48.88,Churn Risk
17869,627,12,526.77,Churn Risk
16525,365,20,1512.76,Churn Risk
17324,671,11,575.14,Churn Risk
17315,434,41,3349.25,Churn Risk
12836,542,25,1159.11,Churn Risk
16081,617,11,1504.57,Churn Risk
16477,613,27,1810.67,Churn Risk
16062,588,1,13.99,Churn Risk
13959,427,10,704.65,Churn Risk
16085,544,17,996.09,Churn Risk
15215,,,,Others
13107,606,12,845.88,Churn Risk
12557,644,9,239.12,Churn Risk
13246,465,15,1009.27,Churn Risk
12775,353,10,1033.35,Churn Risk
13221,518,14,720.91,Churn Risk
13124,426,29,1886.89,Churn Risk
14595,378,3,605,Churn Risk
13894,358,4,294.57,Churn Risk
16191,638,16,818.55,Churn Risk
13173,623,13,2289.52,Churn Risk
13873,356,2,169.81,Churn Risk
18016,670,20,1387.81,Churn Risk
13155,484,32,3033.61,Churn Risk
13837,402,4,407.92,Churn Risk
15395,447,5,1077.7,Churn Risk
13534,667,24,1913.67,Churn Risk
14142,691,15,2024.96,Churn Risk
12747,703,13,651.02,Churn Risk
15860,551,9,1362.61,Churn Risk
14565,569,22,413.45,Churn Risk
17181,523,1,307.42,Churn Risk
17238,491,38,3993.77,Churn Risk
16515,512,17,1039.08,Churn Risk
13093,494,80,6417.8,Churn Risk
12867,669,26,1455.87,Churn Risk
12524,479,15,407.91,Churn Risk
13969,594,27,1714.37,Churn Risk
17858,487,18,2573.63,Churn Risk
14696,596,16,1808.14,Churn Risk
16250,674,6,600.61,Churn Risk
