CUSTOMER_ID,RECENCY,FREQUENCY,MONETARY,CHURN_STATUS
16905,708,6,592.336,Churn Risk
17967,708,26,2559.713,Churn Risk
16883,708,8,928.364,Churn Risk
13787,705,2,42.064,Churn Risk
15845,702,3,1967.65,Churn Risk
13187,702,16,401.888,Churn Risk
16656,702,8,64.69,Churn Risk
16013,702,1,15.99,Churn Risk
16567,702,15,1326.116,Churn Risk
15033,701,28,919.44,Churn Risk
17504,700,15,549.662,Churn Risk
17027,699,16,920.994,Churn Risk
16714,699,45,4977.792,Churn Risk
17619,698,47,2544.457,Churn Risk
12778,698,8,270.032,Churn Risk
17256,698,3,271.746,Churn Risk
16048,697,5,461.457,Churn Risk
16274,697,38,3545.411,Churn Risk
17760,697,5,542.727,Churn Risk
17025,696,2,261.109,Churn Risk
12947,695,16,1928.063,Churn Risk
14142,695,15,1902.314,Churn Risk
18011,694,13,879.347,Churn Risk
16835,694,5,421.584,Churn Risk
13065,694,8,667.406,Churn Risk
15752,693,8,949.609,Churn Risk
13941,693,4,392.811,Churn Risk
17855,693,5,364.44,Churn Risk
17732,693,14,1423.299,Churn Risk
12855,693,1,138.339,Churn Risk
14047,693,10,165.045,Churn Risk
13108,692,4,249.016,Churn Risk
15955,691,7,997.661,Churn Risk
15111,690,7,1105.266,Churn Risk
14390,690,15,1269.189,Churn Risk
13305,690,8,540.939,Churn Risk
16244,690,36,2733.791,Churn Risk
15260,690,3,317.709,Churn Risk
15923,689,8,641.416,Churn Risk
14491,689,2,184.203,Churn Risk
16752,689,7,536.643,Churn Risk
15363,688,11,737.669,Churn Risk
12915,688,6,729.692,Churn Risk
15544,688,13,1028.483,Churn Risk
16916,687,25,1369.786,Churn Risk
17964,687,15,1830.335,Churn Risk
17235,687,4,890.528,Churn Risk
16510,686,8,1450.334,Churn Risk
17976,686,31,2087.528,Churn Risk
17802,686,2,145,Churn Risk
16186,685,11,283.58,Churn Risk
17547,685,1,138.339,Churn Risk
15732,685,3,294.821,Churn Risk
14449,685,29,2342.132,Churn Risk
13138,685,6,125.063,Churn Risk
16203,684,5,1044.238,Churn Risk
17567,684,14,656.055,Churn Risk
14775,681,9,762.608,Churn Risk
17659,681,7,419.907,Churn Risk
15646,681,11,697.246,Churn Risk
16546,681,6,1010.118,Churn Risk
13958,681,2,139.5,Churn Risk
15299,681,4,329.913,Churn Risk
13402,680,9,463.531,Churn Risk
14264,680,1,10.206,Churn Risk
12738,680,5,909.918,Churn Risk
13011,680,3,197.595,Churn Risk
16754,680,1,14.02,Churn Risk
16634,680,4,265.209,Churn Risk
14679,679,1,138.339,Churn Risk
14236,679,2,35.64,Churn Risk
17396,679,3,60.641,Churn Risk
17552,679,5,390.407,Churn Risk
17135,679,6,811.285,Churn Risk
14573,679,36,2967.754,Churn Risk
12686,679,4,437.406,Churn Risk
14213,679,3,42.265,Churn Risk
16150,679,16,933.606,Churn Risk
16250,678,6,569.126,Churn Risk
18074,678,4,393.849,Churn Risk
16098,678,10,635.084,Churn Risk
17420,678,2,48.88,Churn Risk
14589,677,2,143.76,Churn Risk
16891,677,34,2989.959,Churn Risk
14081,676,35,2059.674,Churn Risk
13579,676,2,46.186,Churn Risk
12763,676,9,573.409,Churn Risk
14448,674,12,458.866,Churn Risk
16873,674,28,900.196,Churn Risk
12867,673,26,1124.542,Churn Risk
13846,673,8,315.319,Churn Risk
16233,673,1,139.3,Churn Risk
12530,671,3,210.2,Churn Risk
12829,671,8,530.836,Churn Risk
14828,671,2,190.4,Churn Risk
16473,671,5,177.216,Churn Risk
16889,671,27,1635.906,Churn Risk
16551,671,5,221.776,Churn Risk
12583,671,19,1383.532,Churn Risk
14329,670,33,896.548,Churn Risk
12664,669,2,448.2,Churn Risk
16387,669,2,17.991,Churn Risk
17786,668,9,1151.072,Churn Risk
12591,668,11,2114.68,Churn Risk
17604,667,14,1550.727,Churn Risk
14006,667,5,468.849,Churn Risk
13600,667,5,241.34,Churn Risk
14813,665,15,1312.942,Churn Risk
13831,663,1,298,Churn Risk
15221,662,3,87.334,Churn Risk
18156,662,25,1189.028,Churn Risk
15716,662,20,958.231,Churn Risk
17059,661,57,3521.848,Churn Risk
16718,657,20,1179.865,Churn Risk
14161,656,13,681.744,Churn Risk
15880,656,52,6190.93,Churn Risk
16411,656,6,155.788,Churn Risk
16402,655,21,1419.842,Churn Risk
15426,654,51,2918.006,Churn Risk
15894,653,15,1691.216,Churn Risk
14506,652,32,2720.108,Churn Risk
13034,651,5,181.112,Churn Risk
15889,651,33,4502.06,Churn Risk
17402,651,8,1014.52,Churn Risk
13705,649,7,485.314,Churn Risk
13448,649,9,461.113,Churn Risk
12791,649,1,110.493,Churn Risk
17548,649,2,399.448,Churn Risk
15862,649,29,3343.215,Churn Risk
13013,648,32,1910.278,Churn Risk
17341,646,79,4759.467,Churn Risk
17251,645,19,833.724,Churn Risk
15503,645,29,1750.476,Churn Risk
13611,644,6,211.086,Churn Risk
17629,644,11,939.783,Churn Risk
16954,644,5,212.023,Churn Risk
14150,644,3,283.573,Churn Risk
17358,643,22,2101.457,Churn Risk
15607,642,3,452.8,Churn Risk
12489,642,4,21.744,Churn Risk
15139,642,3,171.344,Churn Risk
17277,640,24,2941.565,Churn Risk
16928,640,2,383.778,Churn Risk
14088,640,45,5041.111,Churn Risk
16618,640,17,1977.915,Churn Risk
16409,639,21,1836.686,Churn Risk
13098,639,14,1608,Churn Risk
15227,639,4,633.152,Churn Risk
13754,639,5,849.18,Churn Risk
15058,638,29,2327.153,Churn Risk
14487,637,4,256.808,Churn Risk
17682,637,8,476.208,Churn Risk
16550,636,22,1614.928,Churn Risk
16658,636,3,181.283,Churn Risk
13030,635,36,943.886,Churn Risk
17191,634,29,2638.39,Churn Risk
15502,634,21,1744.402,Churn Risk
16654,634,3,543.19,Churn Risk
17519,633,8,649.613,Churn Risk
12913,632,3,90.136,Churn Risk
17320,632,5,98.392,Churn Risk
17812,632,20,720.862,Churn Risk
15649,631,1,79,Churn Risk
17869,631,12,420.351,Churn Risk
17470,631,4,769.3,Churn Risk
15353,630,4,100.769,Churn Risk
14673,629,8,834.235,Churn Risk
16221,629,9,399.457,Churn Risk
17287,629,9,732.99,Churn Risk
18119,629,12,489.84,Churn Risk
14282,629,4,366.786,Churn Risk
13569,629,14,698.749,Churn Risk
15965,628,7,647.018,Churn Risk
16086,628,7,575.08,Churn Risk
15024,628,28,1855.323,Churn Risk
13786,627,2,132.048,Churn Risk
15858,627,20,1278.117,Churn Risk
13880,627,3,354.2,Churn Risk
13173,627,13,2027.23,Churn Risk
15180,626,2,137.99,Churn Risk
16306,626,9,83.447,Churn Risk
16293,626,8,286.345,Churn Risk
12347,626,35,7379.644,Churn Risk
13807,624,3,582.8,Churn Risk
16125,624,7,668.351,Churn Risk
15081,624,5,292.289,Churn Risk
18102,623,10,1103.917,Churn Risk
14821,623,1,83.3,Churn Risk
16365,623,3,249.9,Churn Risk
15628,623,9,1053.973,Churn Risk
16863,623,3,156.689,Churn Risk
15750,622,9,1274.989,Churn Risk
12441,621,9,987.026,Churn Risk
15973,621,1,5.033,Churn Risk
16081,621,11,1224.028,Churn Risk
17706,621,12,756.738,Churn Risk
16893,620,29,1860.174,Churn Risk
15021,620,33,1585.576,Churn Risk
16016,619,36,3056.798,Churn Risk
18043,619,29,1760.483,Churn Risk
16218,618,15,2140.281,Churn Risk
17850,618,133,13835.975,Churn Risk
17908,618,23,1261.508,Churn Risk
16926,617,5,104.456,Churn Risk
17809,617,7,404.156,Churn Risk
14293,616,7,145.351,Churn Risk
17674,616,4,37.962,Churn Risk
12586,616,2,32.283,Churn Risk
14748,616,22,531.141,Churn Risk
12808,616,3,246.155,Churn Risk
16858,616,7,18.509,Churn Risk
15987,616,5,109.858,Churn Risk
13652,616,6,83.258,Churn Risk
15899,616,2,193.772,Churn Risk
13094,616,3,188.576,Churn Risk
15032,615,14,935.863,Churn Risk
18061,615,6,544.601,Churn Risk
16385,615,9,226.248,Churn Risk
14577,614,20,1171.708,Churn Risk
14159,614,22,567.765,Churn Risk
17454,613,5,438.893,Churn Risk
16686,612,39,3309.981,Churn Risk
17707,611,1,8.504,Churn Risk
12484,611,54,2106.874,Churn Risk
12970,609,5,305.12,Churn Risk
16839,609,20,704.623,Churn Risk
14692,609,13,1734.181,Churn Risk
17306,609,4,84.59,Churn Risk
16918,608,15,1592.232,Churn Risk
17147,607,7,404.97,Churn Risk
14496,607,17,269.57,Churn Risk
13881,607,11,834.723,Churn Risk
15240,607,8,1049.677,Churn Risk
12429,606,8,884.211,Churn Risk
14932,606,7,278.439,Churn Risk
14355,606,6,775.125,Churn Risk
14896,605,14,806.767,Churn Risk
13240,605,6,156.401,Churn Risk
14479,605,5,192.906,Churn Risk
16065,604,35,3058.243,Churn Risk
17430,604,4,782.5,Churn Risk
15945,603,1,18.99,Churn Risk
16520,603,36,4412.768,Churn Risk
14205,602,10,815.917,Churn Risk
15288,602,8,1076.022,Churn Risk
17978,602,3,94.713,Churn Risk
17702,602,2,209.85,Churn Risk
17646,601,3,368.542,Churn Risk
18230,601,1,107.1,Churn Risk
16519,601,4,44.453,Churn Risk
16795,601,36,2166.377,Churn Risk
17671,601,13,343.057,Churn Risk
12649,601,1,11.511,Churn Risk
16817,600,8,689.478,Churn Risk
13327,600,14,502.107,Churn Risk
17950,600,19,3282.058,Churn Risk
17017,600,36,2524.464,Churn Risk
17456,600,7,411.521,Churn Risk
12605,600,1,149,Churn Risk
13136,600,1,107.1,Churn Risk
16781,600,8,773.416,Churn Risk
15329,600,4,99.171,Churn Risk
17700,600,1,17.091,Churn Risk
15192,600,5,47.737,Churn Risk
16042,600,2,178.2,Churn Risk
16163,599,2,19.081,Churn Risk
15211,599,15,561.079,Churn Risk
17838,599,17,1638.527,Churn Risk
16907,599,19,1773.337,Churn Risk
13969,598,27,1616.472,Churn Risk
17530,597,29,2277.342,Churn Risk
15805,597,8,1425.15,Churn Risk
17696,596,7,747.534,Churn Risk
17076,596,4,459.661,Churn Risk
13000,595,3,336.791,Churn Risk
17880,595,13,1169.014,Churn Risk
16265,595,20,1118.079,Churn Risk
14419,594,12,618.043,Churn Risk
14082,594,16,1056.957,Churn Risk
17827,593,53,2079.48,Churn Risk
15723,593,22,1546.461,Churn Risk
14256,592,15,848.761,Churn Risk
14037,592,17,859.726,Churn Risk
16062,592,1,13.99,Churn Risk
16019,591,14,304.326,Churn Risk
18065,590,9,511.883,Churn Risk
12989,590,2,283.1,Churn Risk
14952,590,7,338.923,Churn Risk
12785,589,6,381.462,Churn Risk
16727,589,18,2381.14,Churn Risk
12838,588,30,1455.651,Churn Risk
13255,588,3,542.426,Churn Risk
16583,588,9,656.919,Churn Risk
17227,586,1,3.5,Churn Risk
15898,586,31,2104.136,Churn Risk
17676,585,15,901.084,Churn Risk
18259,585,1,10.39,Churn Risk
13455,585,16,1470.065,Churn Risk
16679,585,2,57.003,Churn Risk
12753,584,30,1103.768,Churn Risk
17126,584,31,2043.828,Churn Risk
15384,583,8,664.884,Churn Risk
13295,583,6,271.266,Churn Risk
17449,583,35,2446.434,Churn Risk
18168,583,22,1210.422,Churn Risk
13495,583,21,847.024,Churn Risk
16153,582,4,269.18,Churn Risk
18256,582,2,28.78,Churn Risk
17343,582,5,234.826,Churn Risk
17284,581,76,2413.695,Churn Risk
13233,581,11,572.918,Churn Risk
13782,580,15,1186.294,Churn Risk
13700,580,8,308.806,Churn Risk
16206,580,12,727.562,Churn Risk
15535,580,17,1970.6,Churn Risk
16401,580,2,16.756,Churn Risk
17714,579,6,335.421,Churn Risk
17889,579,6,809.531,Churn Risk
17644,579,2,24.462,Churn Risk
14442,578,18,2605.29,Churn Risk
16496,578,16,1935.88,Churn Risk
14627,577,3,111.161,Churn Risk
17356,577,8,479.621,Churn Risk
12477,577,2,222.517,Churn Risk
17884,577,46,3568.228,Churn Risk
16612,577,12,1609.767,Churn Risk
15881,576,15,1794.55,Churn Risk
14741,575,8,194.097,Churn Risk
13999,575,15,1424.818,Churn Risk
14498,575,8,260.592,Churn Risk
14544,574,34,2076.458,Churn Risk
15555,574,48,2675.879,Churn Risk
16726,573,11,249.562,Churn Risk
17303,573,21,426.134,Churn Risk
14565,573,22,364.152,Churn Risk
17179,572,5,204.676,Churn Risk
17524,572,9,676.81,Churn Risk
14639,572,14,1203.432,Churn Risk
13269,571,12,717.838,Churn Risk
17890,570,54,3081.862,Churn Risk
14625,570,18,758.548,Churn Risk
17969,570,3,51.368,Churn Risk
17375,570,24,2063.743,Churn Risk
17371,570,4,709.78,Churn Risk
13948,567,2,115.27,Churn Risk
16202,567,11,405.098,Churn Risk
14206,567,1,298,Churn Risk
16442,566,26,1999.371,Churn Risk
15468,566,2,13.024,Churn Risk
14524,566,14,371.706,Churn Risk
15356,566,58,3994.101,Churn Risk
14907,565,25,2317.126,Churn Risk
17041,565,8,288.552,Churn Risk
16458,565,8,352.956,Churn Risk
16083,565,10,244.362,Churn Risk
14901,565,31,2645.788,Churn Risk
14961,565,25,1926.148,Churn Risk
16262,565,1,395,Churn Risk
14871,564,14,257.184,Churn Risk
18044,564,1,20.99,Churn Risk
15514,564,58,2456.822,Churn Risk
17194,564,14,695.638,Churn Risk
13178,564,18,787.47,Churn Risk
18219,563,10,399.746,Churn Risk
16812,563,7,704.614,Churn Risk
17158,560,10,586.992,Churn Risk
16556,559,10,1197.762,Churn Risk
16499,559,4,211.986,Churn Risk
16899,559,8,322.672,Churn Risk
13238,558,1,63.2,Churn Risk
16710,558,46,1848.748,Churn Risk
16805,558,27,1425.3,Churn Risk
14057,558,23,1359.726,Churn Risk
16553,558,10,2144.478,Churn Risk
17968,557,46,4087.976,Churn Risk
17897,557,37,2413.975,Churn Risk
17954,556,38,3115.862,Churn Risk
13497,555,5,217.679,Churn Risk
15860,555,9,1123.702,Churn Risk
14344,555,7,809.34,Churn Risk
15919,555,24,1523.088,Churn Risk
15680,554,16,965.699,Churn Risk
13523,554,11,660.484,Churn Risk
15332,554,22,1637.122,Churn Risk
12870,554,1,22.176,Churn Risk
16367,553,19,782.736,Churn Risk
16393,553,10,480.418,Churn Risk
17372,553,39,3012.2,Churn Risk
15950,552,13,607.507,Churn Risk
17525,552,6,306.042,Churn Risk
15512,552,2,15.078,Churn Risk
14099,551,29,2801.347,Churn Risk
12944,551,6,327.591,Churn Risk
17204,551,1,119,Churn Risk
15279,551,16,1331.399,Churn Risk
12721,551,8,896.733,Churn Risk
13104,551,1,107.1,Churn Risk
14889,550,6,293.69,Churn Risk
14672,550,19,946.02,Churn Risk
12480,550,19,165.666,Churn Risk
18069,549,47,2526.202,Churn Risk
13064,549,11,182.012,Churn Risk
14404,549,21,1029.44,Churn Risk
16059,549,30,1250.937,Churn Risk
13048,549,21,1625.175,Churn Risk
13634,549,17,634.727,Churn Risk
16085,548,17,903.145,Churn Risk
17769,548,15,1863.813,Churn Risk
14450,548,5,124.316,Churn Risk
12916,548,23,2600.592,Churn Risk
12764,547,23,2392.836,Churn Risk
14440,547,20,2062.348,Churn Risk
13802,546,11,424.49,Churn Risk
12929,546,4,376.145,Churn Risk
17228,546,21,1786.247,Churn Risk
16419,546,12,692.436,Churn Risk
13939,546,5,594.783,Churn Risk
13494,546,10,588.275,Churn Risk
12836,546,25,875.886,Churn Risk
14850,546,11,304.036,Churn Risk
16607,545,3,403.739,Churn Risk
13317,545,5,492.417,Churn Risk
13756,545,6,395.152,Churn Risk
13890,545,6,402.849,Churn Risk
13021,545,4,151.393,Churn Risk
16037,545,9,390.638,Churn Risk
14841,545,6,463.317,Churn Risk
15246,545,7,111.223,Churn Risk
15482,545,1,79.5,Churn Risk
14414,544,5,55.019,Churn Risk
16470,544,18,904.976,Churn Risk
15563,544,15,869.788,Churn Risk
16746,544,24,1524.292,Churn Risk
16743,543,12,682.179,Churn Risk
17146,543,8,932.581,Churn Risk
14878,543,11,427.572,Churn Risk
14621,542,7,397.399,Churn Risk
15394,542,12,1127.8,Churn Risk
15574,542,78,4999.285,Churn Risk
17288,540,4,385.6,Churn Risk
15157,540,22,829.803,Churn Risk
16316,539,12,813.332,Churn Risk
16560,539,8,995.141,Churn Risk
15100,539,1,521.5,Churn Risk
15789,539,14,768.178,Churn Risk
15620,539,22,619.17,Churn Risk
15366,538,2,185.633,Churn Risk
16271,538,9,327.479,Churn Risk
16539,538,10,614.113,Churn Risk
15759,538,6,61.803,Churn Risk
13496,537,13,561.493,Churn Risk
17691,537,7,236.188,Churn Risk
15392,537,11,1128.708,Churn Risk
15532,537,27,2520.295,Churn Risk
14220,536,6,304.566,Churn Risk
16945,536,6,150.65,Churn Risk
17412,536,9,722.585,Churn Risk
15197,536,2,19.026,Churn Risk
13874,536,9,334.131,Churn Risk
14723,535,52,3071.634,Churn Risk
12967,535,7,259.673,Churn Risk
14985,534,27,2372.349,Churn Risk
12370,533,40,1744.104,Churn Risk
13627,533,6,542.998,Churn Risk
17790,533,11,826.716,Churn Risk
12551,532,5,675.18,Churn Risk
15780,532,6,858.193,Churn Risk
15160,531,2,172.193,Churn Risk
13033,531,4,279.986,Churn Risk
14016,531,20,340.823,Churn Risk
17007,531,4,299.24,Churn Risk
15204,531,4,68.976,Churn Risk
12705,530,14,799.686,Churn Risk
15811,530,7,420.053,Churn Risk
17865,530,16,1398.905,Churn Risk
15570,529,77,8971.655,Churn Risk
12839,529,17,817.788,Churn Risk
12931,529,1,1.673,Churn Risk
16885,529,16,2034.956,Churn Risk
17913,528,21,691.63,Churn Risk
16552,527,2,36.189,Churn Risk
17181,527,1,307.42,Churn Risk
16140,526,4,432.382,Churn Risk
17198,526,32,2868.805,Churn Risk
15048,525,11,542.364,Churn Risk
14708,525,10,918.988,Churn Risk
16898,525,16,622.076,Churn Risk
15301,525,13,1072.533,Churn Risk
13140,524,12,367.423,Churn Risk
15347,524,1,15.19,Churn Risk
13649,524,8,212.951,Churn Risk
17999,524,22,2262.226,Churn Risk
13270,524,1,71.1,Churn Risk
13531,524,7,2151.837,Churn Risk
15713,524,5,525.993,Churn Risk
13077,524,6,339.383,Churn Risk
16010,523,16,2076.916,Churn Risk
17917,523,11,798.19,Churn Risk
15101,522,3,206.766,Churn Risk
16638,522,9,182.364,Churn Risk
13426,522,13,242.067,Churn Risk
13221,522,14,513.532,Churn Risk
13092,522,4,77.329,Churn Risk
16003,522,7,504.01,Churn Risk
17033,522,4,205.079,Churn Risk
13027,521,1,23.022,Churn Risk
16143,521,9,1151.866,Churn Risk
16713,521,54,4447.992,Churn Risk
14107,521,8,495.004,Churn Risk
15312,521,12,328.911,Churn Risk
13593,520,21,483.894,Churn Risk
14867,520,7,112.255,Churn Risk
13183,520,8,591.474,Churn Risk
17095,520,10,55.62,Churn Risk
17064,519,12,1546.031,Churn Risk
15673,519,23,579.978,Churn Risk
12872,519,37,1850.33,Churn Risk
17609,519,57,2518.1,Churn Risk
16843,519,10,797.802,Churn Risk
13659,518,23,1337.591,Churn Risk
16931,518,72,5316.904,Churn Risk
17311,517,12,1583,Churn Risk
16515,516,17,833.382,Churn Risk
12373,516,4,83.591,Churn Risk
15203,516,9,55.306,Churn Risk
17035,516,14,1072.618,Churn Risk
17400,515,20,608.246,Churn Risk
12515,515,3,24.934,Churn Risk
17593,515,10,376.245,Churn Risk
14092,515,33,1416.48,Churn Risk
14533,515,5,986.904,Churn Risk
12734,515,3,46.224,Churn Risk
17069,514,16,1367.494,Churn Risk
13922,514,3,11.655,Churn Risk
15587,514,1,69.12,Churn Risk
13165,514,7,414.675,Churn Risk
14032,514,19,1245.19,Churn Risk
12427,514,11,759.036,Churn Risk
13817,514,6,68.544,Churn Risk
13304,513,12,433.881,Churn Risk
15856,513,24,2196.19,Churn Risk
18116,512,71,4489.727,Churn Risk
13313,512,9,100.987,Churn Risk
12957,511,13,335.517,Churn Risk
16282,511,5,389.36,Churn Risk
16255,511,24,1562.195,Churn Risk
14210,510,19,1326.09,Churn Risk
14732,510,5,92.394,Churn Risk
15164,510,9,274.712,Churn Risk
13397,510,6,508.022,Churn Risk
12483,510,4,131.082,Churn Risk
14221,509,6,263.212,Churn Risk
13253,509,6,54.801,Churn Risk
13126,509,18,774.819,Churn Risk
14553,509,10,100.784,Churn Risk
17675,509,27,2222.841,Churn Risk
16145,508,20,667.655,Churn Risk
15002,508,34,1575.356,Churn Risk
15769,508,5,117.303,Churn Risk
15841,508,2,27.231,Churn Risk
15661,507,2,707.6,Churn Risk
16719,507,30,2264.057,Churn Risk
16600,507,5,713.799,Churn Risk
15984,506,9,313.957,Churn Risk
14653,505,16,1288.773,Churn Risk
15093,505,14,1216.237,Churn Risk
15266,505,5,617.66,Churn Risk
14739,505,8,275.051,Churn Risk
17585,504,8,1210.194,Churn Risk
13082,504,4,604.4,Churn Risk
12585,504,36,1974.753,Churn Risk
15464,503,69,5356.414,Churn Risk
18226,502,12,628.712,Churn Risk
15271,502,21,1229.497,Churn Risk
18062,502,1,9.567,Churn Risk
14045,502,3,110.391,Churn Risk
15298,502,19,1576.945,Churn Risk
13097,502,29,1289.222,Churn Risk
13680,501,51,2942.528,Churn Risk
14258,501,18,812.826,Churn Risk
14618,501,3,271.181,Churn Risk
12386,500,8,205.315,Churn Risk
16676,500,12,387.754,Churn Risk
17634,500,31,745.508,Churn Risk
15823,500,9,277.782,Churn Risk
13599,498,13,535.184,Churn Risk
13764,498,24,1255.58,Churn Risk
13656,497,14,594.018,Churn Risk
14729,496,34,2840.872,Churn Risk
14396,495,16,2048.336,Churn Risk
17238,495,38,3542.064,Churn Risk
17596,494,30,2040.353,Churn Risk
14825,494,6,235.882,Churn Risk
13984,493,2,32.281,Churn Risk
13370,493,28,1930.157,Churn Risk
16779,492,32,1625.344,Churn Risk
13715,492,58,3230.308,Churn Risk
14684,492,19,1306.058,Churn Risk
15224,492,15,239.1,Churn Risk
17819,492,6,111.654,Churn Risk
17085,492,34,2430.075,Churn Risk
14201,491,3,169.366,Churn Risk
17692,491,10,647.026,Churn Risk
13418,491,21,1410.844,Churn Risk
15822,491,6,271,Churn Risk
17951,490,4,414.419,Churn Risk
17090,490,1,71.1,Churn Risk
13329,490,6,278.976,Churn Risk
14472,489,30,3200.656,Churn Risk
15611,489,1,46.5,Churn Risk
15059,489,14,1344.383,Churn Risk
14800,489,80,4158.618,Churn Risk
13758,489,13,733.005,Churn Risk
17114,489,16,970.732,Churn Risk
12939,489,4,146.49,Churn Risk
12388,488,7,288.15,Churn Risk
14976,488,8,619.196,Churn Risk
13527,488,4,28.252,Churn Risk
15443,487,24,1213.735,Churn Risk
15167,487,25,1051.03,Churn Risk
15910,486,22,2731.488,Churn Risk
16949,486,1,99,Churn Risk
16705,485,33,1386.204,Churn Risk
14549,485,26,2565.072,Churn Risk
15981,485,2,8.554,Churn Risk
18202,485,11,1441.71,Churn Risk
15854,485,14,1260.864,Churn Risk
12415,484,21,1594.882,Churn Risk
18171,484,5,401.4,Churn Risk
16350,484,10,430.53,Churn Risk
12500,484,4,46.43,Churn Risk
12524,483,15,333.124,Churn Risk
15326,483,14,831.188,Churn Risk
14321,483,15,1631.26,Churn Risk
13672,483,2,17.912,Churn Risk
16850,483,8,434.88,Churn Risk
14229,483,5,660.952,Churn Risk
13107,483,12,778.818,Churn Risk
17849,483,6,617.744,Churn Risk
16303,482,15,558.09,Churn Risk
15281,481,27,1701.878,Churn Risk
17406,481,66,3017.911,Churn Risk
13767,481,49,2987.699,Churn Risk
14320,481,13,812.716,Churn Risk
13473,481,10,186.872,Churn Risk
17739,481,9,478.99,Churn Risk
16112,481,5,600.632,Churn Risk
16670,480,22,1168.122,Churn Risk
16875,480,13,1310.363,Churn Risk
15370,480,3,9.992,Churn Risk
12557,480,9,195.294,Churn Risk
17428,480,21,624.299,Churn Risk
12601,480,6,274.838,Churn Risk
17450,480,35,836.81,Churn Risk
16351,480,4,131.332,Churn Risk
17742,480,4,244.48,Churn Risk
16122,480,11,311.333,Churn Risk
15640,480,57,5456.342,Churn Risk
15346,480,9,525.306,Churn Risk
13144,480,4,9.35,Churn Risk
14295,479,1,199,Churn Risk
15189,479,3,297.752,Churn Risk
12643,479,1,35.2,Churn Risk
17365,479,41,1773.35,Churn Risk
16034,479,3,38.2,Churn Risk
15194,479,54,11962.597,Churn Risk
12728,478,4,230.072,Churn Risk
14209,478,8,388.064,Churn Risk
15749,478,4,445.7,Churn Risk
15569,478,5,124.52,Churn Risk
14669,478,50,2307.062,Churn Risk
13862,476,13,1491.19,Churn Risk
13784,476,5,142.794,Churn Risk
12724,476,3,292.96,Churn Risk
16791,476,26,1150.454,Churn Risk
16235,476,5,267.675,Churn Risk
14733,476,66,3757.666,Churn Risk
17569,476,9,508.292,Churn Risk
17324,475,11,484.026,Churn Risk
16353,475,4,216.78,Churn Risk
13162,475,19,1156.866,Churn Risk
12523,475,7,400.214,Churn Risk
16359,475,4,51.026,Churn Risk
15953,475,14,1953.316,Churn Risk
12413,475,9,699.958,Churn Risk
14270,475,12,341.67,Churn Risk
16655,475,17,823.85,Churn Risk
13458,475,47,1640.25,Churn Risk
16701,475,12,368.518,Churn Risk
13267,474,27,9199.146,Churn Risk
12980,474,5,975.5,Churn Risk
15939,474,6,403.952,Churn Risk
14587,474,61,3501.591,Churn Risk
12359,474,7,169.2,Churn Risk
17338,473,52,2397.278,Churn Risk
14715,473,4,300.352,Churn Risk
13284,472,8,208.072,Churn Risk
14514,472,13,595.324,Churn Risk
14167,472,7,258.71,Churn Risk
15291,472,18,449.949,Churn Risk
15171,472,3,22.32,Churn Risk
17048,472,7,376.844,Churn Risk
12652,472,24,1394.924,Churn Risk
18190,471,4,358.952,Churn Risk
15835,471,7,205.792,Churn Risk
14114,470,3,200.383,Churn Risk
16315,470,7,88.68,Churn Risk
15447,470,1,31.352,Churn Risk
13993,470,16,368.256,Churn Risk
13246,469,15,837.216,Churn Risk
13614,469,7,242.92,Churn Risk
16503,469,25,1801.479,Churn Risk
15916,468,21,1412.436,Churn Risk
15687,468,17,1149.541,Churn Risk
18085,468,13,962.024,Churn Risk
16775,468,16,1595.53,Churn Risk
12490,467,20,1281.156,Churn Risk
18229,467,9,786.722,Churn Risk
15626,467,10,372.224,Churn Risk
13385,467,20,1106.006,Churn Risk
12708,467,13,1236.353,Churn Risk
12578,467,40,3171.07,Churn Risk
16493,467,6,24.932,Churn Risk
12672,467,6,69.826,Churn Risk
12877,466,12,1038.818,Churn Risk
12393,466,11,1226.398,Churn Risk
17581,466,35,2530.205,Churn Risk
14175,466,6,815.911,Churn Risk
18106,466,20,1848.412,Churn Risk
12553,466,16,722.086,Churn Risk
14001,465,4,271.273,Churn Risk
15525,465,24,2753.033,Churn Risk
14237,465,8,738.651,Churn Risk
17905,465,9,408.33,Churn Risk
14078,465,6,324.311,Churn Risk
15485,465,24,1129.953,Churn Risk
15012,465,28,2446.859,Churn Risk
12395,464,16,620.921,Churn Risk
16455,464,14,625.084,Churn Risk
12725,464,12,3111.402,Churn Risk
17860,463,31,1255.05,Churn Risk
14030,462,6,994.501,Churn Risk
14388,462,9,664.982,Churn Risk
15996,462,17,296.506,Churn Risk
15998,461,56,3135.475,Churn Risk
14413,461,11,1213.896,Churn Risk
18050,460,1,104.3,Churn Risk
12666,460,1,13.293,Churn Risk
15641,460,12,789.597,Churn Risk
14913,460,5,75.202,Churn Risk
17551,460,22,1148.844,Churn Risk
12647,460,29,1813.754,Churn Risk
14761,458,5,763.642,Churn Risk
17128,458,4,144.452,Churn Risk
17555,458,28,1786.174,Churn Risk
12793,458,20,1844.476,Churn Risk
12651,458,6,923.136,Churn Risk
14176,457,7,101.293,Churn Risk
12673,457,12,1058.567,Churn Risk
18223,457,29,1998.667,Churn Risk
14701,455,29,4308.488,Churn Risk
14970,455,3,1047.672,Churn Risk
14709,455,25,1053.314,Churn Risk
16110,454,55,5417.262,Churn Risk
17376,454,5,128.82,Churn Risk
14217,454,18,585.216,Churn Risk
14657,453,41,2970.106,Churn Risk
18212,452,21,1141.631,Churn Risk
14292,452,3,406.84,Churn Risk
13859,452,13,1120.714,Churn Risk
14242,452,1,166.6,Churn Risk
17018,452,3,131.883,Churn Risk
16997,451,1,276.5,Churn Risk
14696,451,16,1508.196,Churn Risk
16948,451,5,541.825,Churn Risk
12356,451,18,796.109,Churn Risk
15395,451,5,754.39,Churn Risk
12527,451,2,300.98,Churn Risk
13898,451,6,204.025,Churn Risk
17491,451,5,89.396,Churn Risk
18118,450,123,6752.839,Churn Risk
15023,448,64,2982.205,Churn Risk
14415,448,57,4668.885,Churn Risk
13693,448,5,51.429,Churn Risk
13263,448,15,392.874,Churn Risk
12510,448,9,523.338,Churn Risk
14428,448,8,415.036,Churn Risk
17576,447,20,2091.414,Churn Risk
12665,447,4,65.736,Churn Risk
12451,447,49,3684.117,Churn Risk
17091,446,27,872.244,Churn Risk
17419,446,24,1294.243,Churn Risk
12422,446,8,677.458,Churn Risk
17708,446,16,1194.849,Churn Risk
14090,446,2,21.565,Churn Risk
16904,445,33,2946.537,Churn Risk
17722,444,44,3080.087,Churn Risk
13520,444,16,1491.944,Churn Risk
12681,444,106,6913.265,Churn Risk
12826,444,23,2493.744,Churn Risk
15606,444,9,358.399,Churn Risk
12383,443,31,2003.317,Churn Risk
14307,443,39,2764.764,Churn Risk
17097,443,33,2119.41,Churn Risk
13310,442,13,795.938,Churn Risk
17611,442,107,7583.882,Churn Risk
14916,442,8,678.406,Churn Risk
15831,442,7,428.271,Churn Risk
14031,441,30,1840.812,Churn Risk
17602,441,46,4286.42,Churn Risk
16395,440,29,2929.74,Churn Risk
15938,440,4,933.6,Churn Risk
14572,440,25,1730.994,Churn Risk
17231,440,38,2640.799,Churn Risk
12637,440,38,1921.836,Churn Risk
13502,440,6,103.698,Churn Risk
14779,439,23,4384.228,Churn Risk
17418,439,5,279.487,Churn Risk
15529,439,39,3305.168,Churn Risk
17862,439,7,361.928,Churn Risk
15262,439,6,961.293,Churn Risk
17787,439,34,2118.112,Churn Risk
15379,438,67,4445.636,Churn Risk
12402,438,6,319.305,Churn Risk
12747,438,13,498.334,Churn Risk
16892,438,1,29.092,Churn Risk
17771,438,15,1251.324,Churn Risk
13008,438,6,523.293,Churn Risk
14770,437,13,620.126,Churn Risk
17744,436,27,1139.462,Churn Risk
13090,436,6,950.881,Churn Risk
15422,436,3,126.343,Churn Risk
16912,436,11,715.204,Churn Risk
17364,436,24,931.356,Churn Risk
12594,436,2,5.95,Churn Risk
15174,436,9,602.546,Churn Risk
14713,436,42,3545.859,Churn Risk
15350,435,1,110.493,Churn Risk
15922,435,6,167.372,Churn Risk
16955,435,5,298.112,Churn Risk
15605,435,5,908.982,Churn Risk
18144,435,5,409.146,Churn Risk
15465,434,12,399.496,Churn Risk
16033,434,77,3680.97,Churn Risk
15545,434,11,1169.696,Churn Risk
17243,434,28,2792.466,Churn Risk
13081,434,121,7399.532,Churn Risk
16919,433,31,2100.159,Churn Risk
15028,433,4,306.233,Churn Risk
13155,433,32,2319.874,Churn Risk
16011,432,21,3141.13,Churn Risk
16700,432,15,1443.466,Churn Risk
17655,432,8,135.02,Churn Risk
12748,432,404,42371.004,Churn Risk
16252,432,8,191.973,Churn Risk
16596,432,3,31.983,Churn Risk
12433,432,67,4953.349,Churn Risk
17937,431,7,409.302,Churn Risk
15454,431,11,529.718,Churn Risk
15044,431,53,3157.3,Churn Risk
16665,431,8,780.228,Churn Risk
13959,431,10,644.948,Churn Risk
18004,431,19,1734.72,Churn Risk
13124,430,29,1603.819,Churn Risk
14083,429,40,2726.749,Churn Risk
15867,429,76,4944.495,Churn Risk
18097,429,7,801.875,Churn Risk
14062,429,23,2381.044,Churn Risk
16549,428,16,891.997,Churn Risk
16833,428,4,653.262,Churn Risk
16735,428,27,1412.466,Churn Risk
14755,428,16,1052.89,Churn Risk
17800,428,4,56.734,Churn Risk
15296,427,28,2037.916,Churn Risk
18283,426,50,3079.964,Churn Risk
17858,426,18,2151.104,Churn Risk
14224,426,23,1983.427,Churn Risk
13742,426,45,3132.839,Churn Risk
12468,425,3,124.59,Churn Risk
13078,425,29,1947.24,Churn Risk
13004,425,37,2624,Churn Risk
16767,425,27,3014.798,Churn Risk
12645,425,8,1185.84,Churn Risk
16161,424,60,6542.911,Churn Risk
17511,424,112,7781.468,Churn Risk
15971,424,3,208.639,Churn Risk
13629,424,1,249.018,Churn Risk
15940,424,2,108.745,Churn Risk
13110,424,9,253.123,Churn Risk
16716,424,1,34.244,Churn Risk
12676,424,5,345.273,Churn Risk
17591,423,55,2579.238,Churn Risk
18161,423,9,231.974,Churn Risk
14439,423,13,736.868,Churn Risk
14334,423,20,1136.933,Churn Risk
15039,423,162,10627.957,Churn Risk
14782,423,3,423.071,Churn Risk
17861,423,5,739.58,Churn Risk
17799,422,60,4174.907,Churn Risk
18136,422,7,875.392,Churn Risk
12693,422,2,669.6,Churn Risk
15498,422,91,5448.965,Churn Risk
15820,422,12,1303.546,Churn Risk
13396,421,10,635.282,Churn Risk
12935,420,16,412.481,Churn Risk
16730,420,3,495.63,Churn Risk
12421,420,9,1561.491,Churn Risk
15078,420,30,1250.525,Churn Risk
13551,420,2,433.1,Churn Risk
15179,420,21,1480.354,Churn Risk
15222,419,5,895.3,Churn Risk
15797,419,1,179.1,Churn Risk
13117,419,15,951.582,Churn Risk
14130,419,27,2687.374,Churn Risk
17001,419,15,471.133,Churn Risk
12691,419,10,275.054,Churn Risk
15052,419,14,1263.685,Churn Risk
13615,418,10,571.638,Churn Risk
13901,418,8,575.402,Churn Risk
13158,418,12,2116.48,Churn Risk
12417,418,15,633.268,Churn Risk
14113,418,5,725.83,Churn Risk
12348,417,11,412.805,Churn Risk
14298,417,127,7607.84,Churn Risk
14409,417,6,1013.461,Churn Risk
14257,417,13,1470.391,Churn Risk
18077,417,36,2507.492,Churn Risk
16757,416,3,217.973,Churn Risk
14543,416,4,703.8,Churn Risk
15218,416,13,1165.177,Churn Risk
15110,416,4,1032.84,Churn Risk
15967,416,17,1004.654,Churn Risk
15213,414,11,307.764,Churn Risk
14534,414,10,1457.35,Churn Risk
18008,414,6,54.76,Churn Risk
13815,414,26,2616.249,Churn Risk
14680,414,47,2634.12,Churn Risk
17236,413,19,1365.276,Churn Risk
18277,413,1,298,Churn Risk
17677,413,15,1199.974,Churn Risk
15518,413,36,2306.872,Churn Risk
14849,413,27,2890.023,Churn Risk
16531,413,4,703.565,Churn Risk
15339,413,25,3546.822,Churn Risk
14389,413,6,194.59,Churn Risk
12854,412,17,1628.546,Churn Risk
12744,412,21,3699.635,Churn Risk
16191,412,16,641.115,Churn Risk
12709,412,20,1253.261,Churn Risk
13168,410,37,1267.52,Churn Risk
17515,410,15,1473.88,Churn Risk
14189,410,30,2195.713,Churn Risk
16943,410,6,623.16,Churn Risk
14341,410,8,406.057,Churn Risk
16222,410,71,4585.959,Churn Risk
17460,410,2,27.891,Churn Risk
13405,409,3,20.622,Churn Risk
17094,409,7,1024.764,Churn Risk
16497,409,18,1264.147,Churn Risk
13049,409,7,97.902,Churn Risk
13002,409,1,3.06,Churn Risk
17082,409,10,125.654,Churn Risk
12609,409,9,255.775,Churn Risk
15061,409,79,8055.954,Churn Risk
17368,409,24,1017.903,Churn Risk
16043,408,13,893.102,Churn Risk
12782,408,28,2042.833,Churn Risk
15777,408,6,38.816,Churn Risk
14060,408,24,2712.712,Churn Risk
16422,407,21,1483.792,Churn Risk
14049,407,51,3813.808,Churn Risk
13837,406,4,370.72,Churn Risk
17735,406,24,2457.513,Churn Risk
15373,406,17,1870.845,Churn Risk
17118,406,5,713.89,Churn Risk
12474,405,21,3313.893,Churn Risk
14978,405,35,2187.328,Churn Risk
17075,405,8,155.886,Churn Risk
14243,405,24,1312.475,Churn Risk
17888,405,10,384.768,Churn Risk
12472,404,71,5557.931,Churn Risk
15165,404,13,688.349,Churn Risk
17346,404,16,786.792,Churn Risk
14594,404,17,2999.352,Churn Risk
13838,403,28,3125.752,Churn Risk
15351,403,23,6766.502,Churn Risk
18055,403,43,2558.598,Churn Risk
17259,402,34,1506.977,Churn Risk
12963,401,4,295.08,Churn Risk
15694,401,11,1530.57,Churn Risk
14437,401,4,141.679,Churn Risk
15358,401,57,4227.722,Churn Risk
15513,401,25,1490.171,Churn Risk
18092,401,6,284.136,Churn Risk
12942,401,10,388.245,Churn Risk
15660,401,5,481.736,Churn Risk
17618,400,21,830.92,Churn Risk
15290,399,9,279.111,Churn Risk
17980,399,6,258.989,Churn Risk
15727,399,54,3072.411,Churn Risk
